caption;link;year;km;color;price;price_unit;date;city;district;brand;model
1;HONDA ACCORD 2.0 EXECUTİVE OTOMATİK BEJ DERİ SANROOFLU;https://www.sahibinden.com/ilan/vasita-otomobil-honda-honda-accord-2.0-executive-otomatik-bej-deri-sanrooflu-874761707/detay;2006;214000;Füme;119750;TL;2020-10-29;İzmir;Bayraklı;Honda;Accord
2;düşük km 2008 otomatik Accord;https://www.sahibinden.com/ilan/vasita-otomobil-honda-dusuk-km-2008-otomatik-accord-874762502/detay;2008;185000;Füme;120000;TL;2020-10-29;İstanbul;Ümraniye;Honda;Accord
3;accort 2.0 fulll sanroflu;https://www.sahibinden.com/ilan/vasita-otomobil-honda-accort-2.0-fulll-sanroflu-874757319/detay;1998;280000;Gri;42500;TL;2020-10-29;Gaziantep;Şehitkamil;Honda;Accord
4;1994MODEL HONDA ACCORD SUNROOF LU /SEVEN OTOMOTİV FATSA;https://www.sahibinden.com/ilan/vasita-otomobil-honda-1994model-honda-accord-sunroof-lu-seven-otomotiv-fatsa-874740668/detay;1994;2e+05;Gümüş Gri;47500;TL;2020-10-29;Ordu;Fatsa;Honda;Accord
5;Sahibinden Honda Accord;https://www.sahibinden.com/ilan/vasita-otomobil-honda-sahibinden-honda-accord-874740324/detay;1998;281000;Mor;50000;TL;2020-10-29;Bursa;Yenişehir;Honda;Accord
6;HONDA ACCORD FULL MODEL;https://www.sahibinden.com/ilan/vasita-otomobil-honda-honda-accord-full-model-874719715/detay;2004;290000;Füme;90000;TL;2020-10-29;Çanakkale;Merkez;Honda;Accord
7;EĞLENCE PAKET TEMİZ 2.0 EXECUTİVE;https://www.sahibinden.com/ilan/vasita-otomobil-honda-eglence-paket-temiz-2.0-executive-874627006/detay;2009;250;Siyah;154000;TL;2020-10-29;Amasya;Merzifon;Honda;Accord
8;ACAROĞLU OTOMOTİVDEN TR NADİR BULUNAN ACCORD SW AERODECK;https://www.sahibinden.com/ilan/vasita-otomobil-honda-acaroglu-otomotivden-tr-nadir-bulunan-accord-sw-aerodeck-844191647/detay;1991;321000;Gri;55500;TL;2020-10-28;Konya;Karatay;Honda;Accord
9;TEMİZ VE BAKIMLI ORJİNAL ACCORT;https://www.sahibinden.com/ilan/vasita-otomobil-honda-temiz-ve-bakimli-orjinal-accort-874578401/detay;2006;280000;Siyah;96500;TL;2020-10-28;Manisa;Soma;Honda;Accord
10;DEĞERİNİ BİLENE SATILIK...;https://www.sahibinden.com/ilan/vasita-otomobil-honda-degerini-bilene-satilik-874545267/detay;1994;298000;Lacivert;42500;TL;2020-10-28;Ankara;Etimesgut;Honda;Accord
11;güven konfor=Accord;https://www.sahibinden.com/ilan/vasita-otomobil-honda-guven-konfor-accord-874523419/detay;2000;294000;Bej;75000;TL;2020-10-28;İstanbul;Pendik;Honda;Accord
12;ACCORD K24 DEĞERİNİ BİLENE DEĞİŞENSİZ KOLTUK ISITMA SUNROOF FULL;https://www.sahibinden.com/ilan/vasita-otomobil-honda-accord-k24-degerini-bilene-degisensiz-koltuk-isitma-sunroof-full-874531406/detay;2004;280000;Lacivert;96750;TL;2020-10-28;Kocaeli;İzmit;Honda;Accord
13;servis bakımlı Hatasız değişensiz 2.4 Accord;https://www.sahibinden.com/ilan/vasita-otomobil-honda-servis-bakimli-hatasiz-degisensiz-2.4-accord-874503317/detay;2004;335000;Siyah;99000;TL;2020-10-28;Antalya;Manavgat;Honda;Accord
14;Tr de En düşük km 120000 Sahibinden Accord Şok fiyat;https://www.sahibinden.com/ilan/vasita-otomobil-honda-tr-de-en-dusuk-km-120000-sahibinden-accord-sok-fiyat-852388265/detay;2004;120000;Gümüş Gri;110000;TL;2020-10-28;İstanbul;Üsküdar;Honda;Accord
15;Düşük km yer uçağı;https://www.sahibinden.com/ilan/vasita-otomobil-honda-dusuk-km-yer-ucagi-874357732/detay;2004;193000;Siyah;94000;TL;2020-10-28;Van;Tuşba;Honda;Accord
16;MEMURDAN TEMİZ SATILIK ACCORD;https://www.sahibinden.com/ilan/vasita-otomobil-honda-memurdan-temiz-satilik-accord-854334044/detay;2004;249000;Yeşil;93000;TL;2020-10-28;Ankara;Sincan;Honda;Accord
17;BOYASIZ HATASIZ HASAR KAYITSIZ..;https://www.sahibinden.com/ilan/vasita-otomobil-honda-boyasiz-hatasiz-hasar-kayitsiz-870865180/detay;2007;204530;Gri;125000;TL;2020-10-29;Kocaeli;Çayırova;Honda;Accord
18;İhtiyaçtan dolayı satılık;https://www.sahibinden.com/ilan/vasita-otomobil-honda-ihtiyactan-dolayi-satilik-874771307/detay;2001;323500;Gümüş Gri;69950;TL;2020-10-29;İstanbul;Ümraniye;Honda;Accord
19;ACCORD - OTOMATİK - 1997 - LPG Lİ İŞLİ - MUAYENELİ - SANRUFLU;https://www.sahibinden.com/ilan/vasita-otomobil-honda-accord-otomatik-1997-lpg-li-isli-muayeneli-sanruflu-841556617/detay;1997;275000;Gümüş Gri;49999;TL;2020-10-27;Eskişehir;Odunpazarı;Honda;Accord
20;ORJİNAL HONDA ACCORD;https://www.sahibinden.com/ilan/vasita-otomobil-honda-orjinal-honda-accord-874373891/detay;1995;320000;Füme;37000;TL;2020-10-27;İstanbul;Üsküdar;Honda;Accord
21;Bakımlı, İhtiyaçtan.(Ok gibi ful arb.krdşm.fav.eklmkl olmyr;https://www.sahibinden.com/ilan/vasita-otomobil-honda-bakimli-ihtiyactan-ok-gibi-ful-arb.krdsm.fav.eklmkl-olmyr-872090181/detay;1998;360000;Siyah;42700;TL;2020-10-27;Antalya;Alanya;Honda;Accord
22;SAHİBİNDEN EN ÇOK TUTULAN MODEL...;https://www.sahibinden.com/ilan/vasita-otomobil-honda-sahibinden-en-cok-tutulan-model-874738386/detay;2003;355000;Siyah;68000;TL;2020-10-29;Isparta;Merkez;Honda;Accord
23;JAPON TANKI SATİŞTA;https://www.sahibinden.com/ilan/vasita-otomobil-honda-japon-tanki-satista-874302237/detay;2004;370000;Füme;75000;TL;2020-10-27;Konya;Sarayönü;Honda;Accord
24;Sahibinden Hatasız Orjinal Sunrooflu honda accort;https://www.sahibinden.com/ilan/vasita-otomobil-honda-sahibinden-hatasiz-orjinal-sunrooflu-honda-accort-874695529/detay;2011;197500;Beyaz;195000;TL;2020-10-29;Mersin;Toroslar;Honda;Accord
25;ENDER KALANLARDAN BOYASIZ DEĞİŞENİ YOK HASAR KAYITSIZ;https://www.sahibinden.com/ilan/vasita-otomobil-honda-ender-kalanlardan-boyasiz-degiseni-yok-hasar-kayitsiz-861727454/detay;2003;179000;Gümüş Gri;149000;TL;2020-10-27;Aydın;Didim;Honda;Accord
26;Honda Accord;https://www.sahibinden.com/ilan/vasita-otomobil-honda-honda-accord-873364874/detay;2004;289;Lacivert;96000;TL;2020-10-27;Ankara;Yenimahalle;Honda;Accord
27;ATABEY/DEN 3 SAHİBİNDEN SATLIK EXCILUVE KAZASIZ 278 BİN KM.DE;https://www.sahibinden.com/ilan/vasita-otomobil-honda-atabey-den-3-sahibinden-satlik-exciluve-kazasiz-278-bin-km.de-874035443/detay;2003;278000;Gümüş Gri;98600;TL;2020-10-27;Konya;Karatay;Honda;Accord
28;Hatasız değişensiz;https://www.sahibinden.com/ilan/vasita-otomobil-honda-hatasiz-degisensiz-874174395/detay;2005;241000;Gümüş Gri;105000;TL;2020-10-26;Ankara;Keçiören;Honda;Accord
29;JAPON MERCEDESİ SATIŞTA 255 BİNDE OTOMATİK;https://www.sahibinden.com/ilan/vasita-otomobil-honda-japon-mercedesi-satista-255-binde-otomatik-874591911/detay;1996;255000;Gri;45000;TL;2020-10-28;İstanbul;Büyükçekmece;Honda;Accord
30;'AUTOVİZYON' HONDA+ ACCORD+ OTOMATİK +LPG +ORJİNAL+EMSALSİZ;https://www.sahibinden.com/ilan/vasita-otomobil-honda-autovizyon-honda-plus-accord-plus-otomatik-pluslpg-plusorjinal-plusemsalsiz-836948725/detay;2001;270000;Lacivert;53900;TL;2020-10-28;İstanbul;Bahçelievler;Honda;Accord
31;KALDIRIM'DAN / 2009 ACCORD / SUNROOF / 284BİN KM / FULL+FULL!;https://www.sahibinden.com/ilan/vasita-otomobil-honda-kaldirim-dan-2009-accord-sunroof-284bin-km-full-plusfull-874161104/detay;2009;284000;Siyah;119000;TL;2020-10-26;İstanbul;Üsküdar;Honda;Accord
32;ÇOK TEMİZ DÜŞÜK KİLOMETRE HONDA ACCORD;https://www.sahibinden.com/ilan/vasita-otomobil-honda-cok-temiz-dusuk-kilometre-honda-accord-874580439/detay;2004;166500;Siyah;120000;TL;2020-10-28;Kocaeli;İzmit;Honda;Accord
33;HATASIZ BAKIMLI HONDA ACCORD;https://www.sahibinden.com/ilan/vasita-otomobil-honda-hatasiz-bakimli-honda-accord-874152668/detay;2010;201000;Siyah;156750;TL;2020-10-26;İstanbul;Üsküdar;Honda;Accord
34;Honda accord hatasız değişensiz;https://www.sahibinden.com/ilan/vasita-otomobil-honda-honda-accord-hatasiz-degisensiz-874148967/detay;2006;296000;Gümüş Gri;133000;TL;2020-10-26;İzmir;Konak;Honda;Accord
35;Honda Accord 2011 Mugen Temiz araç;https://www.sahibinden.com/ilan/vasita-otomobil-honda-honda-accord-2011-mugen-temiz-arac-874547239/detay;2011;225000;Beyaz;155000;TL;2020-10-28;Kocaeli;İzmit;Honda;Accord
36;Memurdan Değişensiz Tertemiz Honda Accord;https://www.sahibinden.com/ilan/vasita-otomobil-honda-memurdan-degisensiz-tertemiz-honda-accord-874542869/detay;2005;252300;Siyah;108000;TL;2020-10-28;Diyarbakır;Silvan;Honda;Accord
37;HATASIZ DEGİŞENSİZ EMSALSİZ FULL+FULL SERVİS BAKIMLI;https://www.sahibinden.com/ilan/vasita-otomobil-honda-hatasiz-degisensiz-emsalsiz-full-plusfull-servis-bakimli-854044885/detay;2009;208000;Siyah;167500;TL;2020-10-26;Çorum;Osmancık;Honda;Accord
38;HATASİZ ,BOYASİZ - AİRSUSPANSİYON - ACCORD;https://www.sahibinden.com/ilan/vasita-otomobil-honda-hatasiz-boyasiz-airsuspansiyon-accord-874107692/detay;2011;274000;Siyah;177000;TL;2020-10-26;İstanbul;Kartal;Honda;Accord
39;1998 EURO ACCORD 2.0İES (ARAÇ KOCAELİ'DE);https://www.sahibinden.com/ilan/vasita-otomobil-honda-1998-euro-accord-2.0ies-arac-kocaeli-de-874331720/detay;1998;201000;Lacivert;50000;TL;2020-10-28;Rize;Merkez;Honda;Accord
40;Honda accorrd 2.0 sport;https://www.sahibinden.com/ilan/vasita-otomobil-honda-honda-accorrd-2.0-sport-874515225/detay;2005;259000;Siyah;88000;TL;2020-10-28;İzmir;Konak;Honda;Accord
41;ihtiyaçtan satılık;https://www.sahibinden.com/ilan/vasita-otomobil-honda-ihtiyactan-satilik-874069620/detay;1990;205000;Beyaz;34750;TL;2020-10-26;Ankara;Mamak;Honda;Accord
42;GÖKHAN AUTODAN 2004 ACCORD 2.4 EXECUTİVE OTOMATİK MASRAFSIZ !!!;https://www.sahibinden.com/ilan/vasita-otomobil-honda-gokhan-autodan-2004-accord-2.4-executive-otomatik-masrafsiz-874511268/detay;2004;328000;Gri;82500;TL;2020-10-28;Kayseri;Kocasinan;Honda;Accord
43;SAHİBİNDEN SATILIK;https://www.sahibinden.com/ilan/vasita-otomobil-honda-sahibinden-satilik-874062622/detay;2006;116000;Siyah;135000;TL;2020-10-26;İstanbul;Bağcılar;Honda;Accord
44;acil satılık;https://www.sahibinden.com/ilan/vasita-otomobil-honda-acil-satilik-874487710/detay;2007;196000;Siyah;104000;TL;2020-10-28;İstanbul;Kağıthane;Honda;Accord
45;standart sıfır motor;https://www.sahibinden.com/ilan/vasita-otomobil-honda-standart-sifir-motor-874465898/detay;1987;160000;Füme;18000;TL;2020-10-28;Adana;Çukurova;Honda;Accord
46;Bakımlı Air Accord;https://www.sahibinden.com/ilan/vasita-otomobil-honda-bakimli-air-accord-874208767/detay;2004;238000;Siyah;107000;TL;2020-10-28;İstanbul;Sultangazi;Honda;Accord
47;ACİL HONDA ACCORD 2.0 EXECUTİVE FULL SUNROOF KATLANIR AYNA ZENON;https://www.sahibinden.com/ilan/vasita-otomobil-honda-acil-honda-accord-2.0-executive-full-sunroof-katlanir-ayna-zenon-874014666/detay;2007;284000;Siyah;86750;TL;2020-10-26;Antalya;Manavgat;Honda;Accord
48;Hatasız ACCORT 2009;https://www.sahibinden.com/ilan/vasita-otomobil-honda-hatasiz-accort-2009-874000860/detay;2009;291000;Siyah;144000;TL;2020-10-26;Sivas;Merkez;Honda;Accord
49;2001 HASARSIZ,TRAMERSİZ ACCORD OTOMATİK;https://www.sahibinden.com/ilan/vasita-otomobil-honda-2001-hasarsiz%2Ctramersiz-accord-otomatik-873971024/detay;2001;322000;Gümüş Gri;63000;TL;2020-10-25;Samsun;Bafra;Honda;Accord
50;2011 HONDA ACCORD 2.0 EXECUTİVE LPGLİ OTOMATK 185.000 KM KUSURSZ;https://www.sahibinden.com/ilan/vasita-otomobil-honda-2011-honda-accord-2.0-executive-lpgli-otomatk-185.000-km-kusursz-865186169/detay;2011;185000;Beyaz;169500;TL;2020-10-25;İstanbul;Kadıköy;Honda;Accord
51;2. SAHİBİNDEN 228.000 KM;https://www.sahibinden.com/ilan/vasita-otomobil-honda-2-sahibinden-228.000-km-874383475/detay;1991;228000;Füme;45000;TL;2020-10-27;İzmir;Çiğli;Honda;Accord
52;Full 2005 model;https://www.sahibinden.com/ilan/vasita-otomobil-honda-full-2005-model-874374958/detay;2006;213000;Siyah;72000;TL;2020-10-27;Antalya;Alanya;Honda;Accord
53;4S AUTO' DAN;https://www.sahibinden.com/ilan/vasita-otomobil-honda-4s-auto-dan-873949652/detay;2005;277000;Lacivert;107500;TL;2020-10-25;Samsun;İlkadım;Honda;Accord
54;2005 HONDA ACCORD OTOMATİK SUNROOF;https://www.sahibinden.com/ilan/vasita-otomobil-honda-2005-honda-accord-otomatik-sunroof-834455209/detay;2005;259000;Siyah;122500;TL;2020-10-25;Kayseri;Kocasinan;Honda;Accord
55;SAHİBİNDEN TEMİZ HONDA ACCORD;https://www.sahibinden.com/ilan/vasita-otomobil-honda-sahibinden-temiz-honda-accord-873948319/detay;2005;290000;Gri;85000;TL;2020-10-25;İstanbul;Pendik;Honda;Accord
56;Fiyatının çok üzerinde;https://www.sahibinden.com/ilan/vasita-otomobil-honda-fiyatinin-cok-uzerinde-860506718/detay;1999;318000;Yeşil;57500;TL;2020-10-27;Bingöl;Merkez;Honda;Accord
57;TR DE TEK HATASIZ BOYASIZ;https://www.sahibinden.com/ilan/vasita-otomobil-honda-tr-de-tek-hatasiz-boyasiz-873992226/detay;2004;430000;Siyah;90000;TL;2020-10-27;Ankara;Diğer;Honda;Accord
58;Otomatik vites bakımlı honda;https://www.sahibinden.com/ilan/vasita-otomobil-honda-otomatik-vites-bakimli-honda-874312673/detay;1998;350000;Lacivert;51000;TL;2020-10-27;Ankara;Çankaya;Honda;Accord
59;HATASIZ KRAL SATIŞTA SON FİYAT ACELE;https://www.sahibinden.com/ilan/vasita-otomobil-honda-hatasiz-kral-satista-son-fiyat-acele-874309575/detay;2009;166000;Füme;159500;TL;2020-10-27;Bursa;Osmangazi;Honda;Accord
60;EFEM42 DEN 91 HONDA ACCORD 2,0 TAM DOLU OTOMATİK PAZARLIKSIZ;https://www.sahibinden.com/ilan/vasita-otomobil-honda-efem42-den-91-honda-accord-2%2C0-tam-dolu-otomatik-pazarliksiz-716459907/detay;1991;240000;Mavi;32500;TL;2020-10-25;Konya;Meram;Honda;Accord
61;Honda Accord fuul+fuul;https://www.sahibinden.com/ilan/vasita-otomobil-honda-honda-accord-fuul-plusfuul-874290793/detay;2010;234000;Beyaz;181500;TL;2020-10-27;Aksaray;Merkez;Honda;Accord
62;Temiz masrafsız ve bakımlı;https://www.sahibinden.com/ilan/vasita-otomobil-honda-temiz-masrafsiz-ve-bakimli-874204904/detay;2011;178500;Beyaz;182500;TL;2020-10-27;Erzincan;Merkez;Honda;Accord
63;10 numara accord;https://www.sahibinden.com/ilan/vasita-otomobil-honda-10-numara-accord-873738747/detay;2000;309000;Bej;69990;TL;2020-10-25;Adıyaman;Merkez;Honda;Accord
64;Sahibinden boya değişen hasar kaydı yok;https://www.sahibinden.com/ilan/vasita-otomobil-honda-sahibinden-boya-degisen-hasar-kaydi-yok-864948813/detay;2011;157000;Beyaz;185000;TL;2020-10-25;İstanbul;Eyüpsultan;Honda;Accord
65;Hasar Kayıtsız Değişensiz Yer Uçağı;https://www.sahibinden.com/ilan/vasita-otomobil-honda-hasar-kayitsiz-degisensiz-yer-ucagi-874177174/detay;2005;367000;Siyah;104000;TL;2020-10-26;Denizli;Pamukkale;Honda;Accord
66;KÜHEYLAN SATIŞTA;https://www.sahibinden.com/ilan/vasita-otomobil-honda-kuheylan-satista-874161354/detay;2009;265000;Beyaz;137000;TL;2020-10-26;Diyarbakır;Kayapınar;Honda;Accord
67;otomatik vites Honda Accord;https://www.sahibinden.com/ilan/vasita-otomobil-honda-otomatik-vites-honda-accord-873769884/detay;1997;275000;Füme;51500;TL;2020-10-24;Mersin;Yenişehir;Honda;Accord
68;YAPILI DİZİLİ TANK FULL+FULL;https://www.sahibinden.com/ilan/vasita-otomobil-honda-yapili-dizili-tank-full-plusfull-874055268/detay;2009;246500;Gri;152500;TL;2020-10-26;Antalya;Alanya;Honda;Accord
69;Sahibinden Honda Accord 2.0 executive 2007 model;https://www.sahibinden.com/ilan/vasita-otomobil-honda-sahibinden-honda-accord-2.0-executive-2007-model-873388475/detay;2007;287000;Siyah;132500;TL;2020-10-24;İstanbul;Gaziosmanpaşa;Honda;Accord
70;2004 Accord 2.0 sport;https://www.sahibinden.com/ilan/vasita-otomobil-honda-2004-accord-2.0-sport-874141096/detay;2004;270000;Siyah;93000;TL;2020-10-26;İzmir;Buca;Honda;Accord
71;Temiz full+full aile aracı;https://www.sahibinden.com/ilan/vasita-otomobil-honda-temiz-full-plusfull-aile-araci-852515811/detay;2007;260000;Siyah;105500;TL;2020-10-24;Karabük;Safranbolu;Honda;Accord
72;Temiz Otomatik Vites Aile Aracı;https://www.sahibinden.com/ilan/vasita-otomobil-honda-temiz-otomatik-vites-aile-araci-874112186/detay;2001;197000;Yeşil;78500;TL;2020-10-26;Adana;Seyhan;Honda;Accord
73;SAHİBİNDEN SATILIK HONDA OTOMATİK ACCORD...;https://www.sahibinden.com/ilan/vasita-otomobil-honda-sahibinden-satilik-honda-otomatik-accord-874069468/detay;1993;415000;Bordo;38500;TL;2020-10-26;İzmir;Karabağlar;Honda;Accord
74;HONDA ACCORD 2.0 EXECUTİVE_FULL_F1 OTOMATİK;https://www.sahibinden.com/ilan/vasita-otomobil-honda-honda-accord-2.0-executive_full_f1-otomatik-874048541/detay;2009;267000;Gri;147500;TL;2020-10-26;Kayseri;Develi;Honda;Accord
75;sahibinden 144000 km'de temiz;https://www.sahibinden.com/ilan/vasita-otomobil-honda-sahibinden-144000-km-de-temiz-868797643/detay;2011;144000;Beyaz;187500;TL;2020-10-24;Ankara;Keçiören;Honda;Accord
76;Otomatik Honda Accord 2.0;https://www.sahibinden.com/ilan/vasita-otomobil-honda-otomatik-honda-accord-2.0-838601485/detay;2003;320000;Siyah;70500;TL;2020-10-26;Ankara;Gölbaşı;Honda;Accord
77;IŞIK OTOMOTIVDEN 2014 MODEL HONDA ACCORD LPG LI;https://www.sahibinden.com/ilan/vasita-otomobil-honda-isik-otomotivden-2014-model-honda-accord-lpg-li-870856990/detay;2014;159000;Siyah;224900;TL;2020-10-24;İzmir;Buca;Honda;Accord
78;İLK SAHİBİNDEN TR NİN EN TEMİZ OTOMATİK HONDA ACCORDU;https://www.sahibinden.com/ilan/vasita-otomobil-honda-ilk-sahibinden-tr-nin-en-temiz-otomatik-honda-accordu-872563578/detay;2009;209000;Şampanya;135000;TL;2020-10-24;Diyarbakır;Yenişehir;Honda;Accord
79;kayseride tek;https://www.sahibinden.com/ilan/vasita-otomobil-honda-kayseride-tek-873675483/detay;2009;254778;Füme;120000;TL;2020-10-24;Kayseri;Melikgazi;Honda;Accord
80;HATA-BOYA ÇIKARSA TÜM MASRAFLAR BANA AİT GÖRÜNTÜLÜ EKRAN;https://www.sahibinden.com/ilan/vasita-otomobil-honda-hata-boya-cikarsa-tum-masraflar-bana-ait-goruntulu-ekran-874027848/detay;2011;167000;Beyaz;197500;TL;2020-10-26;Ankara;Mamak;Honda;Accord
81;Akademisyenden Temiz Accord;https://www.sahibinden.com/ilan/vasita-otomobil-honda-akademisyenden-temiz-accord-874028584/detay;2011;49250;Beyaz;243500;TL;2020-10-26;Trabzon;Ortahisar;Honda;Accord
82;Honda accord full+full 2011;https://www.sahibinden.com/ilan/vasita-otomobil-honda-honda-accord-full-plusfull-2011-873923267/detay;2011;296000;Füme;135000;TL;2020-10-26;İstanbul;Büyükçekmece;Honda;Accord
83;Sahibinden;https://www.sahibinden.com/ilan/vasita-otomobil-honda-sahibinden-873615913/detay;2015;49000;Beyaz;280000;TL;2020-10-24;İstanbul;Bahçelievler;Honda;Accord
84;HATASİZ BOYASİZ ACCORD;https://www.sahibinden.com/ilan/vasita-otomobil-honda-hatasiz-boyasiz-accord-850772676/detay;2010;213000;Siyah;177500;TL;2020-10-26;Çorum;Osmancık;Honda;Accord
85;masrafsız araç isteyenlere;https://www.sahibinden.com/ilan/vasita-otomobil-honda-masrafsiz-arac-isteyenlere-873614959/detay;2004;310000;Siyah;92000;TL;2020-10-24;Konya;Selçuklu;Honda;Accord
86;HONDA ACCORD 2009 MODEL TEMİZ;https://www.sahibinden.com/ilan/vasita-otomobil-honda-honda-accord-2009-model-temiz-807954420/detay;2009;3e+05;Beyaz;125000;TL;2020-10-24;Konya;Karatay;Honda;Accord
87;Mert amire hayırlı olsun;https://www.sahibinden.com/ilan/vasita-otomobil-honda-mert-amire-hayirli-olsun-873978363/detay;1994;189000;Bordo;48000;TL;2020-10-25;Aydın;Efeler;Honda;Accord
88;2011 MODEL 88.000 km HONDA ACCORD 2.0 EXETCUTİVE;https://www.sahibinden.com/ilan/vasita-otomobil-honda-2011-model-88.000-km-honda-accord-2.0-exetcutive-873598212/detay;2011;89000;Beyaz;202750;TL;2020-10-23;İstanbul;Esenler;Honda;Accord
89;ANLATMAYA GEREK YOK GÖRMEK VE YAŞAMAK YETERLİ;https://www.sahibinden.com/ilan/vasita-otomobil-honda-anlatmaya-gerek-yok-gormek-ve-yasamak-yeterli-873590241/detay;2009;242000;Siyah;163000;TL;2020-10-23;Trabzon;Of;Honda;Accord
90;HATASIZ 153 BİN KM'DE 2011 HONDA ACCORD EKSTRALI ÖZEL PLAKA;https://www.sahibinden.com/ilan/vasita-otomobil-honda-hatasiz-153-bin-km-de-2011-honda-accord-ekstrali-ozel-plaka-873580480/detay;2011;153000;Beyaz;202000;TL;2020-10-23;Manisa;Soma;Honda;Accord
91;Emsalsiz accord honda;https://www.sahibinden.com/ilan/vasita-otomobil-honda-emsalsiz-accord-honda-873958206/detay;2009;305000;Siyah;135000;TL;2020-10-25;İstanbul;Çekmeköy;Honda;Accord
92;HONDA ACCORD 2.0 FULL 135BG;https://www.sahibinden.com/ilan/vasita-otomobil-honda-honda-accord-2.0-full-135bg-873955697/detay;1990;126850;Bordo;35700;TL;2020-10-25;Kocaeli;İzmit;Honda;Accord
93;ORJINAL FULL MUGEN;https://www.sahibinden.com/ilan/vasita-otomobil-honda-orjinal-full-mugen-873945489/detay;2008;349000;Gri;135500;TL;2020-10-25;İstanbul;Kadıköy;Honda;Accord
94;SAHİBİNDEN FULL+FULL TERTEMİZ HONDA ACCORD;https://www.sahibinden.com/ilan/vasita-otomobil-honda-sahibinden-full-plusfull-tertemiz-honda-accord-873930187/detay;2009;165;Siyah;165000;TL;2020-10-25;Ankara;Yenimahalle;Honda;Accord
95;DEĞİŞEN YOK-EKSPER RAPORLU-EKRA­NLI-OTOMATİK;https://www.sahibinden.com/ilan/vasita-otomobil-honda-degisen-yok-eksper-raporlu-ekranli-otomatik-873549640/detay;2004;261000;Siyah;104000;TL;2020-10-23;İzmir;Balçova;Honda;Accord
96;2011 honda accord;https://www.sahibinden.com/ilan/vasita-otomobil-honda-2011-honda-accord-873931798/detay;2011;276958;Siyah;150000;TL;2020-10-25;Kocaeli;İzmit;Honda;Accord
97;2.Sahibinden FuLL ACCORD 2.4;https://www.sahibinden.com/ilan/vasita-otomobil-honda-2.sahibinden-full-accord-2.4-853655089/detay;2004;299000;Gümüş Gri;83000;TL;2020-10-23;Ankara;Çankaya;Honda;Accord
98;KONFOR DÜŞKÜNLERİNE EURO ACCORD !;https://www.sahibinden.com/ilan/vasita-otomobil-honda-konfor-duskunlerine-euro-accord-873924196/detay;1998;244000;Siyah;52000;TL;2020-10-25;Ankara;Sincan;Honda;Accord
99;KOYUNCU OTO PAZARINDAN 2010 ACCORD 2,0 EXECUTİVE;https://www.sahibinden.com/ilan/vasita-otomobil-honda-koyuncu-oto-pazarindan-2010-accord-2%2C0-executive-873529721/detay;2010;292000;Beyaz;147500;TL;2020-10-23;Konya;Karatay;Honda;Accord
100;OTOMATİK ARAYANLARA !!!!!!;https://www.sahibinden.com/ilan/vasita-otomobil-honda-otomatik-arayanlara-873537792/detay;2001;299000;Siyah;55500;TL;2020-10-23;Kocaeli;Gebze;Honda;Accord
101;1025 TL HASAR KAYITLI TEMİZ MASRAFSIZ OTOMATİK HONDA ACCORD;https://www.sahibinden.com/ilan/vasita-otomobil-honda-1025-tl-hasar-kayitli-temiz-masrafsiz-otomatik-honda-accord-852978300/detay;2005;296000;Gri;95000;TL;2020-10-23;Ankara;Çankaya;Honda;Accord
102;SATILIK HONDA ACCORD ARAÇ TEMIZ;https://www.sahibinden.com/ilan/vasita-otomobil-honda-satilik-honda-accord-arac-temiz-873480493/detay;1998;297000;Siyah;45000;TL;2020-10-23;İstanbul;Tuzla;Honda;Accord
103;BÖYLESİ YOK;https://www.sahibinden.com/ilan/vasita-otomobil-honda-boylesi-yok-871587207/detay;2010;227000;Füme;157500;TL;2020-10-23;İzmir;Bayraklı;Honda;Accord
104;nadir temiz kalanlardan bakımlı Honda Accord;https://www.sahibinden.com/ilan/vasita-otomobil-honda-nadir-temiz-kalanlardan-bakimli-honda-accord-873905723/detay;1990;242000;Gri;46000;TL;2020-10-25;Kocaeli;Gebze;Honda;Accord
105;ASA OTOMOTİV ACCORD 2.0 EXECUTİVE HATASIZ BOYASIZ;https://www.sahibinden.com/ilan/vasita-otomobil-honda-asa-otomotiv-accord-2.0-executive-hatasiz-boyasiz-864442613/detay;2015;90000;Siyah;249750;TL;2020-10-23;İstanbul;Bağcılar;Honda;Accord
106;SAHIBİNDEN SATILIK HONDA;https://www.sahibinden.com/ilan/vasita-otomobil-honda-sahibinden-satilik-honda-873507247/detay;2001;167000;Mavi;68000;TL;2020-10-23;Mersin;Erdemli;Honda;Accord
107;sahibinden 200 beygirlik 1999 model honda accord;https://www.sahibinden.com/ilan/vasita-otomobil-honda-sahibinden-200-beygirlik-1999-model-honda-accord-733608819/detay;2000;396000;Siyah;67000;TL;2020-10-23;İzmir;Kiraz;Honda;Accord
108;honda akkort;https://www.sahibinden.com/ilan/vasita-otomobil-honda-honda-akkort-873226034/detay;2000;280000;Füme;78000;TL;2020-10-23;İstanbul;Ataşehir;Honda;Accord
109;2004 ACCORD 2.0 LPG'Lİ OTOMATİK HASAR KAYITSIZ;https://www.sahibinden.com/ilan/vasita-otomobil-honda-2004-accord-2.0-lpg-li-otomatik-hasar-kayitsiz-873469677/detay;2004;295000;Gümüş Gri;69900;TL;2020-10-23;Ankara;Etimesgut;Honda;Accord
110;HONDA ACCORD 2004 model executive paket;https://www.sahibinden.com/ilan/vasita-otomobil-honda-honda-accord-2004-model-executive-paket-873792682/detay;2004;352000;Siyah;85000;TL;2020-10-24;Ankara;Altındağ;Honda;Accord
111;Bu kadar temizi zor bulunur!;https://www.sahibinden.com/ilan/vasita-otomobil-honda-bu-kadar-temizi-zor-bulunur-873379642/detay;2006;195000;Gümüş Gri;102500;TL;2020-10-22;Burdur;Bucak;Honda;Accord
112;HONDA ACCORD OTOMATİK VİTES;https://www.sahibinden.com/ilan/vasita-otomobil-honda-honda-accord-otomatik-vites-864231151/detay;2011;230000;Beyaz;149000;TL;2020-10-22;Düzce;Merkez;Honda;Accord
113;BEYOĞLU AUTO''DAN MASRAFSIZ KUSURSUZ TEMİZLİKTE ACCORD;https://www.sahibinden.com/ilan/vasita-otomobil-honda-beyoglu-auto-dan-masrafsiz-kusursuz-temizlikte-accord-873378644/detay;2012;182302;Beyaz;155000;TL;2020-10-22;Gaziantep;Nizip;Honda;Accord
114;SAHİBİNDEN TEMİZ 1998 OTOMATİK HONDA ACCORD EN FULLÜ;https://www.sahibinden.com/ilan/vasita-otomobil-honda-sahibinden-temiz-1998-otomatik-honda-accord-en-fullu-873774525/detay;1998;210000;Mor;44400;TL;2020-10-24;İstanbul;Bayrampaşa;Honda;Accord
115;2006-HONDA-ACCORD 2.0EXECUTİVE HATASIZ TAM DOLU LPGLİ;https://www.sahibinden.com/ilan/vasita-otomobil-honda-2006-honda-accord-2.0executive-hatasiz-tam-dolu-lpgli-873330384/detay;2006;267000;Siyah;125000;TL;2020-10-22;Konya;Karatay;Honda;Accord
116;ERGÜN OTOMOTİVDEN HONDA ACCORD BU FİYATA KAÇMAZZ..;https://www.sahibinden.com/ilan/vasita-otomobil-honda-ergun-otomotivden-honda-accord-bu-fiyata-kacmazz-873326110/detay;2009;258000;Siyah;123000;TL;2020-10-22;Ankara;Altındağ;Honda;Accord
117;SAHİBİNDEN TERTEMİZ ORJİNAL KMDE;https://www.sahibinden.com/ilan/vasita-otomobil-honda-sahibinden-tertemiz-orjinal-kmde-873760417/detay;2002;230000;Füme;97750;TL;2020-10-24;Kayseri;Melikgazi;Honda;Accord
118;GALERİ 242'DEN 2006 HONDA ACCORD DERİ KOLTUK SUNROFF FULL;https://www.sahibinden.com/ilan/vasita-otomobil-honda-galeri-242-den-2006-honda-accord-deri-koltuk-sunroff-full-873325905/detay;2006;325000;Lacivert;90000;TL;2020-10-22;Antalya;Muratpaşa;Honda;Accord
119;ÇAKIR OTOMOTİV'DEN 2014 MODEL HONDA ACCORD 2.0 EXECUTIVE;https://www.sahibinden.com/ilan/vasita-otomobil-honda-cakir-otomotiv-den-2014-model-honda-accord-2.0-executive-873312799/detay;2014;84000;Beyaz;244900;TL;2020-10-22;Samsun;İlkadım;Honda;Accord
120;Sahibinden ÇOK TEMİZ;https://www.sahibinden.com/ilan/vasita-otomobil-honda-sahibinden-cok-temiz-873616777/detay;2006;260000;Siyah;97500;TL;2020-10-24;Ankara;Çubuk;Honda;Accord
121;Satılık şehir efsanesi;https://www.sahibinden.com/ilan/vasita-otomobil-honda-satilik-sehir-efsanesi-873613863/detay;2004;460000;Lacivert;95000;TL;2020-10-24;Kayseri;Talas;Honda;Accord
122;temiz honda;https://www.sahibinden.com/ilan/vasita-otomobil-honda-temiz-honda-850894139/detay;2008;270000;Siyah;116000;TL;2020-10-22;Erzincan;Merkez;Honda;Accord
123;*Bakımlı Masrafsız Honda Accord Memurdan;https://www.sahibinden.com/ilan/vasita-otomobil-honda-bakimli-masrafsiz-honda-accord-memurdan-837977081/detay;2003;361000;Gümüş Gri;78500;TL;2020-10-24;Aksaray;Merkez;Honda;Accord
124;FARKI HİSSET YER UÇAGI SATIŞTA;https://www.sahibinden.com/ilan/vasita-otomobil-honda-farki-hisset-yer-ucagi-satista-873236375/detay;2003;366000;Siyah;87750;TL;2020-10-22;Konya;Selçuklu;Honda;Accord
125;SAHİBİNDEN MASRAFSIZ 2.4;https://www.sahibinden.com/ilan/vasita-otomobil-honda-sahibinden-masrafsiz-2.4-873239361/detay;2004;377000;Siyah;88000;TL;2020-10-22;İstanbul;Bağcılar;Honda;Accord
126;AZ KULLANILMIŞ KAPALI GARAJ ARABASI;https://www.sahibinden.com/ilan/vasita-otomobil-honda-az-kullanilmis-kapali-garaj-arabasi-864497117/detay;2000;131000;Bej;115000;TL;2020-10-26;Ankara;Çankaya;Honda;Accord
127;Klimalı Otomatik Vites Lpg Sunroof;https://www.sahibinden.com/ilan/vasita-otomobil-honda-klimali-otomatik-vites-lpg-sunroof-873083068/detay;1990;236000;Beyaz;35000;TL;2020-10-22;Çorum;Merkez;Honda;Accord
128;KAZIM DOĞAN'DAN NADİR KALANLARDAN BİBLOLUK;https://www.sahibinden.com/ilan/vasita-otomobil-honda-kazim-dogan-dan-nadir-kalanlardan-bibloluk-863868824/detay;1996;265000;Beyaz;56750;TL;2020-10-22;Karaman;Merkez;Honda;Accord
129;2001 MODEL HONDA ACCORD 1.8İ LS OTOMATİK VİTES BENZİN&LPG;https://www.sahibinden.com/ilan/vasita-otomobil-honda-2001-model-honda-accord-1.8i-ls-otomatik-vites-benzin-lpg-873085256/detay;2001;255000;Gri;68500;TL;2020-10-21;İstanbul;Maltepe;Honda;Accord
130;Binicisine sorunsuz problemsiz Honda Accord 2.0 Executive LPG;https://www.sahibinden.com/ilan/vasita-otomobil-honda-binicisine-sorunsuz-problemsiz-honda-accord-2.0-executive-lpg-873581379/detay;2005;420000;Füme;85000;TL;2020-10-23;Konya;Meram;Honda;Accord
131;GM AUTO'DAN 2007 HONDA ACCORD 2.0 EXECUTİVE OTOMATİK MASRAFSIZ;https://www.sahibinden.com/ilan/vasita-otomobil-honda-gm-auto-dan-2007-honda-accord-2.0-executive-otomatik-masrafsiz-873051726/detay;2007;287000;Füme;90500;TL;2020-10-21;İstanbul;Üsküdar;Honda;Accord
132;NİĞDELİLER 2015 Honda Accord 2.0 Executive / 5410;https://www.sahibinden.com/ilan/vasita-otomobil-honda-nigdeliler-2015-honda-accord-2.0-executive-5410-873583204/detay;2015;53087;Mavi;298000;TL;2020-10-23;İzmir;Gaziemir;Honda;Accord
133;2012 Honda MUGEN Accord 2.0 LPG 180.000 KM SEDEFLİ BEYAZ;https://www.sahibinden.com/ilan/vasita-otomobil-honda-2012-honda-mugen-accord-2.0-lpg-180.000-km-sedefli-beyaz-828364966/detay;2012;180000;Beyaz;175000;TL;2020-10-21;İstanbul;Başakşehir;Honda;Accord
134;0 motorlu accord ACİLLL;https://www.sahibinden.com/ilan/vasita-otomobil-honda-0-motorlu-accord-acilll-873000391/detay;1999;284;Siyah;45500;TL;2020-10-21;Manisa;Salihli;Honda;Accord
135;TEMİZ HONDA ACCORD 2.4 EXECUTIVE OTOMATIK - BENZIN+LPG;https://www.sahibinden.com/ilan/vasita-otomobil-honda-temiz-honda-accord-2.4-executive-otomatik-benzin-pluslpg-860404808/detay;2004;378000;Lacivert;79900;TL;2020-10-21;İstanbul;Avcılar;Honda;Accord
136;honda accord otomatik;https://www.sahibinden.com/ilan/vasita-otomobil-honda-honda-accord-otomatik-873519340/detay;2001;345000;Mavi;58000;TL;2020-10-23;Bursa;Nilüfer;Honda;Accord
137;2005 model tam otomatik;https://www.sahibinden.com/ilan/vasita-otomobil-honda-2005-model-tam-otomatik-873492174/detay;2006;244000;Siyah;93000;TL;2020-10-23;Kayseri;Melikgazi;Honda;Accord
138;çok diri bir araba;https://www.sahibinden.com/ilan/vasita-otomobil-honda-cok-diri-bir-araba-813770407/detay;2000;330000;Gri;61000;TL;2020-10-23;İstanbul;Sancaktepe;Honda;Accord
139;temiz bakımlı accord;https://www.sahibinden.com/ilan/vasita-otomobil-honda-temiz-bakimli-accord-873478600/detay;2005;195000;Gri;95000;TL;2020-10-23;Rize;Merkez;Honda;Accord
140;tertemiz accord;https://www.sahibinden.com/ilan/vasita-otomobil-honda-tertemiz-accord-872954660/detay;2001;200900;Gri;57000;TL;2020-10-23;Adana;Yüreğir;Honda;Accord
141;honda accord 98 çıkışlı yer uçağı emsalsiz;https://www.sahibinden.com/ilan/vasita-otomobil-honda-honda-accord-98-cikisli-yer-ucagi-emsalsiz-873243256/detay;1988;470000;Kırmızı;20900;TL;2020-10-23;Mersin;Akdeniz;Honda;Accord
142;Temiz bakımlı Honda Gözler onda;https://www.sahibinden.com/ilan/vasita-otomobil-honda-temiz-bakimli-honda-gozler-onda-863381931/detay;1997;205;Gümüş Gri;50000;TL;2020-10-20;Tokat;Merkez;Honda;Accord
143;satılık Accord;https://www.sahibinden.com/ilan/vasita-otomobil-honda-satilik-accord-872693278/detay;2003;340000;Gri;78500;TL;2020-10-20;Sakarya;Geyve;Honda;Accord
144;Honda Accord 2.0 Hastasına özel;https://www.sahibinden.com/ilan/vasita-otomobil-honda-honda-accord-2.0-hastasina-ozel-873328678/detay;2006;242000;Siyah;132000;TL;2020-10-22;Konya;Karatay;Honda;Accord
145;SAUT PLAZA'DAN 2004 EXECUTİVE 2.4 BENZİN+LPG OTOMATİK;https://www.sahibinden.com/ilan/vasita-otomobil-honda-saut-plaza-dan-2004-executive-2.4-benzin-pluslpg-otomatik-872685674/detay;2004;3e+05;Siyah;82500;TL;2020-10-20;Adana;Seyhan;Honda;Accord
146;Sahibinden Acil Satılık Accord;https://www.sahibinden.com/ilan/vasita-otomobil-honda-sahibinden-acil-satilik-accord-872673327/detay;2004;288700;Füme;78500;TL;2020-10-20;Kocaeli;İzmit;Honda;Accord
147;Daha temizi yok Tramersiz Değişensiz Boyasız Otomatik Full;https://www.sahibinden.com/ilan/vasita-otomobil-honda-daha-temizi-yok-tramersiz-degisensiz-boyasiz-otomatik-full-861802167/detay;2001;281000;Siyah;55500;TL;2020-10-20;Kocaeli;Derince;Honda;Accord
148;Sahibinden;https://www.sahibinden.com/ilan/vasita-otomobil-honda-sahibinden-873256903/detay;2008;210000;Siyah;113750;TL;2020-10-22;İstanbul;Pendik;Honda;Accord
149;Sahibinden acill;https://www.sahibinden.com/ilan/vasita-otomobil-honda-sahibinden-acill-873265433/detay;2001;174500;Siyah;49000;TL;2020-10-22;İstanbul;Pendik;Honda;Accord
150;2000 HONDA ACCORD 1.8 İLS TAM OTOMATİK VİTES;https://www.sahibinden.com/ilan/vasita-otomobil-honda-2000-honda-accord-1.8-ils-tam-otomatik-vites-872608829/detay;2000;290000;Gümüş Gri;59900;TL;2020-10-20;Ankara;Akyurt;Honda;Accord
151;temiz honda;https://www.sahibinden.com/ilan/vasita-otomobil-honda-temiz-honda-872605583/detay;2009;238000;Siyah;135000;TL;2020-10-20;Gaziantep;Şahinbey;Honda;Accord
152;2009 HATASIZ İKİNCİ SAHİBİNDEN HONDA ACCORD 2.0 EXECUTİVE;https://www.sahibinden.com/ilan/vasita-otomobil-honda-2009-hatasiz-ikinci-sahibinden-honda-accord-2.0-executive-785597573/detay;2009;2e+05;Beyaz;170000;TL;2020-10-20;Aksaray;Merkez;Honda;Accord
153;SİYAH İNCİ;https://www.sahibinden.com/ilan/vasita-otomobil-honda-siyah-inci-706291898/detay;1990;385000;Gri;60000;TL;2020-10-20;Denizli;Pamukkale;Honda;Accord
154;Temiz BAKIMLI ACCORD MEMURDAN;https://www.sahibinden.com/ilan/vasita-otomobil-honda-temiz-bakimli-accord-memurdan-872562740/detay;2007;190000;Siyah;128000;TL;2020-10-20;Şırnak;Merkez;Honda;Accord
155;2004 HONDA ACCORD FULL TAKAS OLUR;https://www.sahibinden.com/ilan/vasita-otomobil-honda-2004-honda-accord-full-takas-olur-872565617/detay;2004;322000;Lacivert;83000;TL;2020-10-20;Niğde;Merkez;Honda;Accord
156;TARABYA OTOMOTİV HONDA ACCORD 2.0 EXECUTİVE OTOMATİK;https://www.sahibinden.com/ilan/vasita-otomobil-honda-tarabya-otomotiv-honda-accord-2.0-executive-otomatik-833588651/detay;2008;189000;Füme;112500;TL;2020-10-20;İstanbul;Sarıyer;Honda;Accord
157;acil satılık Akademisyenden Honda Accord;https://www.sahibinden.com/ilan/vasita-otomobil-honda-acil-satilik-akademisyenden-honda-accord-872460152/detay;2006;230000;Füme;96000;TL;2020-10-20;İstanbul;Üsküdar;Honda;Accord
158;Acıl satılık;https://www.sahibinden.com/ilan/vasita-otomobil-honda-acil-satilik-873105046/detay;1998;320000;Siyah;52600;TL;2020-10-22;Adana;Yüreğir;Honda;Accord
159;TERTEMİZ BAKIMLI Masrafsız 2.4 accord;https://www.sahibinden.com/ilan/vasita-otomobil-honda-tertemiz-bakimli-masrafsiz-2.4-accord-872337465/detay;2004;330000;Siyah;82500;TL;2020-10-20;İzmir;Bornova;Honda;Accord
160;HONDA ACCORD;https://www.sahibinden.com/ilan/vasita-otomobil-honda-honda-accord-873052900/detay;1994;201000;Füme;43500;TL;2020-10-22;İstanbul;Kağıthane;Honda;Accord
161;sahibinden satılık;https://www.sahibinden.com/ilan/vasita-otomobil-honda-sahibinden-satilik-873031504/detay;1994;22000;Beyaz;50000;TL;2020-10-22;İzmir;Diğer;Honda;Accord
162;SIRALI LPG Lİ 2009 MODEL HONDA ACCORD 2.0 EXECUTİVE;https://www.sahibinden.com/ilan/vasita-otomobil-honda-sirali-lpg-li-2009-model-honda-accord-2.0-executive-843068659/detay;2009;246000;Siyah;135000;TL;2020-10-19;Konya;Karatay;Honda;Accord
163;SON 4 GÜN FİYAT SONNNNN;https://www.sahibinden.com/ilan/vasita-otomobil-honda-son-4-gun-fiyat-sonnnnn-872394227/detay;2004;265000;Lacivert;73000;TL;2020-10-19;Batman;Merkez;Honda;Accord
164;sahinden satılık 94 model yürürü çok temiz Accor ex;https://www.sahibinden.com/ilan/vasita-otomobil-honda-sahinden-satilik-94-model-yururu-cok-temiz-accor-ex-872306919/detay;1994;267500;Füme;42000;TL;2020-10-19;İstanbul;Başakşehir;Honda;Accord
165;SAHİBİNDEN TEMİZ ACCORD;https://www.sahibinden.com/ilan/vasita-otomobil-honda-sahibinden-temiz-accord-841484913/detay;2006;243000;Siyah;127000;TL;2020-10-21;İstanbul;Pendik;Honda;Accord
166;HATASIZ BOYASIZ DÜŞÜK KM;https://www.sahibinden.com/ilan/vasita-otomobil-honda-hatasiz-boyasiz-dusuk-km-872282673/detay;2009;155000;Gri;191000;TL;2020-10-19;Yozgat;Boğazlıyan;Honda;Accord
167;HONDA ACCORD MAKYAJLI KASA EXECUTIVE;https://www.sahibinden.com/ilan/vasita-otomobil-honda-honda-accord-makyajli-kasa-executive-832977225/detay;2012;242000;Beyaz;159500;TL;2020-10-19;Ankara;Çankaya;Honda;Accord
168;çok temiz masrafsız;https://www.sahibinden.com/ilan/vasita-otomobil-honda-cok-temiz-masrafsiz-842849219/detay;2008;170000;Siyah;118000;TL;2020-10-19;İstanbul;Büyükçekmece;Honda;Accord
169;Altıner otomotiv den;https://www.sahibinden.com/ilan/vasita-otomobil-honda-altiner-otomotiv-den-872283427/detay;2006;287000;Siyah;92500;TL;2020-10-19;Uşak;Merkez;Honda;Accord
170;HONDA ACCORD;https://www.sahibinden.com/ilan/vasita-otomobil-honda-honda-accord-872242110/detay;2009;266666;Beyaz;106000;TL;2020-10-19;İstanbul;Başakşehir;Honda;Accord
171;Boncuk ilanda;https://www.sahibinden.com/ilan/vasita-otomobil-honda-boncuk-ilanda-872136450/detay;1990;32000;Lacivert;32000;TL;2020-10-18;İstanbul;Üsküdar;Honda;Accord
172;ORJINAL 1.8 HONDA ACCORD OTOMATIK VITES;https://www.sahibinden.com/ilan/vasita-otomobil-honda-orjinal-1.8-honda-accord-otomatik-vites-872120611/detay;2001;420000;Siyah;62000;TL;2020-10-18;Sakarya;Karasu;Honda;Accord
173;!!!! DEĞİŞENSİZ !!!!!;https://www.sahibinden.com/ilan/vasita-otomobil-honda-degisensiz-872697621/detay;2006;335000;Füme;125000;TL;2020-10-20;Antalya;Serik;Honda;Accord
174;Temiz Masrafsız;https://www.sahibinden.com/ilan/vasita-otomobil-honda-temiz-masrafsiz-872105947/detay;1990;363000;Füme;42000;TL;2020-10-18;Kayseri;Melikgazi;Honda;Accord
175;temiz bakımlı Accord 1.8 LPG;https://www.sahibinden.com/ilan/vasita-otomobil-honda-temiz-bakimli-accord-1.8-lpg-872680192/detay;2000;216739;Gümüş Gri;64500;TL;2020-10-20;Ankara;Mamak;Honda;Accord
176;ACCORD VTEC.TUTULAN RENK.KAPALI KASA DOBLO,CONNECT TAKAS OLUR;https://www.sahibinden.com/ilan/vasita-otomobil-honda-accord-vtec.tutulan-renk.kapali-kasa-doblo%2Cconnect-takas-olur-831920181/detay;2001;268000;Gümüş Gri;63000;TL;2020-10-18;Yalova;Altınova;Honda;Accord
177;Accord 1.8 ls ACİL Satılık;https://www.sahibinden.com/ilan/vasita-otomobil-honda-accord-1.8-ls-acil-satilik-872627963/detay;2000;310000;Gümüş Gri;57500;TL;2020-10-20;Ankara;Etimesgut;Honda;Accord
178;satılık honda;https://www.sahibinden.com/ilan/vasita-otomobil-honda-satilik-honda-798964928/detay;2006;320000;Siyah;75000;TL;2020-10-18;Kocaeli;Darıca;Honda;Accord
179;En Temiz garaj arabası;https://www.sahibinden.com/ilan/vasita-otomobil-honda-en-temiz-garaj-arabasi-777419376/detay;1989;350000;Gri;26000;TL;2020-10-18;Mersin;Tarsus;Honda;Accord
180;otomatik accord;https://www.sahibinden.com/ilan/vasita-otomobil-honda-otomatik-accord-872038588/detay;2001;385000;Bordo;52000;TL;2020-10-18;Adana;Seyhan;Honda;Accord
181;honda daha ne olsun;https://www.sahibinden.com/ilan/vasita-otomobil-honda-honda-daha-ne-olsun-872455459/detay;1998;4e+05;Gri;48500;TL;2020-10-20;İstanbul;Beylikdüzü;Honda;Accord
182;Sahibinden Accord 2.0 Executive;https://www.sahibinden.com/ilan/vasita-otomobil-honda-sahibinden-accord-2.0-executive-871965546/detay;2006;245000;Siyah;120000;TL;2020-10-18;Tokat;Merkez;Honda;Accord
183;Satılık araba;https://www.sahibinden.com/ilan/vasita-otomobil-honda-satilik-araba-872454980/detay;2000;280000;Mavi;60000;TL;2020-10-20;İstanbul;Küçükçekmece;Honda;Accord
184;hatasız kara şimşek;https://www.sahibinden.com/ilan/vasita-otomobil-honda-hatasiz-kara-simsek-871949904/detay;2011;2e+05;Siyah;167800;TL;2020-10-18;Çorum;Merkez;Honda;Accord
185;TÜRKİYEDE TEKKK;https://www.sahibinden.com/ilan/vasita-otomobil-honda-turkiyede-tekkk-847706981/detay;2004;158000;Yeşil;169900;TL;2020-10-20;Kayseri;Melikgazi;Honda;Accord
186;1997 MODEL HONDA ACCORD 2.0 LS SUNROOF BENZIN LPG;https://www.sahibinden.com/ilan/vasita-otomobil-honda-1997-model-honda-accord-2.0-ls-sunroof-benzin-lpg-833334619/detay;1997;304500;Mor;48500;TL;2020-10-17;Bursa;Osmangazi;Honda;Accord
187;işyeri açmak için satılıktır.;https://www.sahibinden.com/ilan/vasita-otomobil-honda-isyeri-acmak-icin-satiliktir-872354693/detay;1996;305000;Beyaz;47000;TL;2020-10-19;Kayseri;Kocasinan;Honda;Accord
188;Honda Accord;https://www.sahibinden.com/ilan/vasita-otomobil-honda-honda-accord-862163171/detay;2006;486000;Siyah;67500;TL;2020-10-17;İzmir;Karabağlar;Honda;Accord
189;Honda accord;https://www.sahibinden.com/ilan/vasita-otomobil-honda-honda-accord-872327597/detay;2004;249;Füme;117000;TL;2020-10-19;İstanbul;Maltepe;Honda;Accord
190;Full orjinal accord;https://www.sahibinden.com/ilan/vasita-otomobil-honda-full-orjinal-accord-871849687/detay;1997;325000;Füme;53000;TL;2020-10-17;Çorum;Merkez;Honda;Accord
191;2.0 Accord High Clean;https://www.sahibinden.com/ilan/vasita-otomobil-honda-2.0-accord-high-clean-781676005/detay;1991;185000;Füme;60500;TL;2020-10-17;Kocaeli;Karamürsel;Honda;Accord
192;FULL+FULL İHTİYAÇTAN ACİLL;https://www.sahibinden.com/ilan/vasita-otomobil-honda-full-plusfull-ihtiyactan-acill-871827605/detay;2006;325000;Lacivert;80000;TL;2020-10-17;Diyarbakır;Yenişehir;Honda;Accord
193;KAHRAMAN AUTO'DAN 2015 HONDA ACCORD 2.0 EXECUTİVE KUSURSUZ;https://www.sahibinden.com/ilan/vasita-otomobil-honda-kahraman-auto-dan-2015-honda-accord-2.0-executive-kusursuz-871852783/detay;2015;128000;Gri;229900;TL;2020-10-17;İstanbul;Ataşehir;Honda;Accord
194;2004 K24 ACCORD DEĞİŞENSİZ TAM DOLU;https://www.sahibinden.com/ilan/vasita-otomobil-honda-2004-k24-accord-degisensiz-tam-dolu-871662041/detay;2004;308000;Gri;105000;TL;2020-10-17;Sakarya;Serdivan;Honda;Accord
195;ARABACI AUTO MOTORS DAN;https://www.sahibinden.com/ilan/vasita-otomobil-honda-arabaci-auto-motors-dan-871792473/detay;2009;215000;Beyaz;135500;TL;2020-10-17;Muğla;Fethiye;Honda;Accord
196;evli olanlar aramasın kimsenin günahına girmeyelim.;https://www.sahibinden.com/ilan/vasita-otomobil-honda-evli-olanlar-aramasin-kimsenin-gunahina-girmeyelim-872187435/detay;2004;262000;Lacivert;108000;TL;2020-10-19;Kocaeli;Körfez;Honda;Accord
197;Honda Accord 2.0 EX Manuel Bakımlı;https://www.sahibinden.com/ilan/vasita-otomobil-honda-honda-accord-2.0-ex-manuel-bakimli-855211889/detay;1990;197000;Kırmızı;58500;TL;2020-10-17;Kastamonu;Merkez;Honda;Accord
198;OGZ MOTORS TAN 2011 HONDA ACCORD SİYAH SERVİS BAKIMLI;https://www.sahibinden.com/ilan/vasita-otomobil-honda-ogz-motors-tan-2011-honda-accord-siyah-servis-bakimli-871656353/detay;2011;218000;Siyah;162750;TL;2020-10-16;Karabük;Merkez;Honda;Accord
199;2011 DVD Navigasyon Arka Eğlence Paketi Geri Görüş LPG;https://www.sahibinden.com/ilan/vasita-otomobil-honda-2011-dvd-navigasyon-arka-eglence-paketi-geri-gorus-lpg-852736228/detay;2011;144000;Beyaz;133000;TL;2020-10-18;İzmir;Karabağlar;Honda;Accord
200;acilll honda 74 favori;https://www.sahibinden.com/ilan/vasita-otomobil-honda-acilll-honda-74-favori-872070661/detay;1987;250000;Gri;18200;TL;2020-10-18;Kocaeli;Gölcük;Honda;Accord
201;SAHİBİNDEN / HONDA ACCORD 2.0 / 2005 MODEL;https://www.sahibinden.com/ilan/vasita-otomobil-honda-sahibinden-honda-accord-2.0-2005-model-871531211/detay;2005;306000;Siyah;92500;TL;2020-10-16;İstanbul;Sultangazi;Honda;Accord
202;acil acil fiyatı düşürdüm nakit ihtiyacindan dolayi;https://www.sahibinden.com/ilan/vasita-otomobil-honda-acil-acil-fiyati-dusurdum-nakit-ihtiyacindan-dolayi-872054729/detay;1997;362000;Siyah;41500;TL;2020-10-18;Elazığ;Merkez;Honda;Accord
203;OTOMATİK 2.0 FULL ARAÇ ÇALIŞMAYAN AKSAMI YOKTUR;https://www.sahibinden.com/ilan/vasita-otomobil-honda-otomatik-2.0-full-arac-calismayan-aksami-yoktur-871588509/detay;1993;242000;Beyaz;40750;TL;2020-10-16;Muğla;Bodrum;Honda;Accord
204;SAFRAN&ERDEM OTODAN 2012 HONDA ACCORD 2.0 EXECUTİVE LPG Lİ;https://www.sahibinden.com/ilan/vasita-otomobil-honda-safran-erdem-otodan-2012-honda-accord-2.0-executive-lpg-li-871578298/detay;2012;149000;Beyaz;185000;TL;2020-10-16;İstanbul;Bağcılar;Honda;Accord
205;2011 ACCORD 2.0 LPG OTM_180.KM_SUN­ROF_DERİ_ISITM­A_HAFIZA_XENON;https://www.sahibinden.com/ilan/vasita-otomobil-honda-2011-accord-2.0-lpg-otm_180.km_sunrof_deri_isitma_hafiza_xenon-871574522/detay;2011;180000;Siyah;155000;TL;2020-10-16;Ankara;Yenimahalle;Honda;Accord
206;SAYGIN AUTO | HONDA ACCORD 2.0 EXECUTİVE;https://www.sahibinden.com/ilan/vasita-otomobil-honda-saygin-auto-honda-accord-2.0-executive-871579814/detay;2007;280000;Siyah;115000;TL;2020-10-16;Mersin;Tarsus;Honda;Accord
207;KONYANIN NADİR KALAN GÜZELLİĞİ;https://www.sahibinden.com/ilan/vasita-otomobil-honda-konyanin-nadir-kalan-guzelligi-872034326/detay;2004;435000;Gri;105000;TL;2020-10-18;Konya;Selçuklu;Honda;Accord
208;Temiz 91 Accord;https://www.sahibinden.com/ilan/vasita-otomobil-honda-temiz-91-accord-871554076/detay;1991;345000;Beyaz;42500;TL;2020-10-16;Samsun;Atakum;Honda;Accord
209;HATASIZ BOYASIZ DEĞİŞENSİZ FULL+FULL;https://www.sahibinden.com/ilan/vasita-otomobil-honda-hatasiz-boyasiz-degisensiz-full-plusfull-871550680/detay;2009;219000;Füme;173750;TL;2020-10-16;Ankara;Çankaya;Honda;Accord
210;PAZARLIKSIZ AĞIR HASARLI 2004 MODEL ACCORD 2.4 LPG 225 BİN KMDE;https://www.sahibinden.com/ilan/vasita-otomobil-honda-pazarliksiz-agir-hasarli-2004-model-accord-2.4-lpg-225-bin-kmde-871966748/detay;2004;225000;Lacivert;70000;TL;2020-10-18;Kayseri;Talas;Honda;Accord
211;Hatasız Boyasız 2015 ACCORD;https://www.sahibinden.com/ilan/vasita-otomobil-honda-hatasiz-boyasiz-2015-accord-871526946/detay;2015;135000;Siyah;240000;TL;2020-10-16;İstanbul;Kartal;Honda;Accord
212;Honda Accord Japon Harikası;https://www.sahibinden.com/ilan/vasita-otomobil-honda-honda-accord-japon-harikasi-871526792/detay;1997;260000;Gümüş Gri;48000;TL;2020-10-16;Isparta;Merkez;Honda;Accord
213;SAHİBİNDEN / HONDA ACCORD 2.0 / 2005 MODEL;https://www.sahibinden.com/ilan/vasita-otomobil-honda-sahibinden-honda-accord-2.0-2005-model-871434616/detay;2005;235500;Siyah;108750;TL;2020-10-15;Antalya;Manavgat;Honda;Accord
214;Değişensiz hasar kayıtsız emsalsız araç;https://www.sahibinden.com/ilan/vasita-otomobil-honda-degisensiz-hasar-kayitsiz-emsalsiz-arac-859888945/detay;1992;4e+05;Füme;29000;TL;2020-10-17;Uşak;Merkez;Honda;Accord
215;Temiz Honda Tramersiz;https://www.sahibinden.com/ilan/vasita-otomobil-honda-temiz-honda-tramersiz-871911166/detay;2004;395722;Siyah;101500;TL;2020-10-17;Afyonkarahisar;Merkez;Honda;Accord
216;SAHİBİNDEN ÇOK TEMİZ OTOMATİK;https://www.sahibinden.com/ilan/vasita-otomobil-honda-sahibinden-cok-temiz-otomatik-871301832/detay;2003;240000;Siyah;98000;TL;2020-10-15;İstanbul;Kadıköy;Honda;Accord
217;sahibinden satılık Honda Accord;https://www.sahibinden.com/ilan/vasita-otomobil-honda-sahibinden-satilik-honda-accord-844455958/detay;2004;310000;Füme;84000;TL;2020-10-15;Antalya;Manavgat;Honda;Accord
218;2001 Honda accord 1.8 ls otomatik;https://www.sahibinden.com/ilan/vasita-otomobil-honda-2001-honda-accord-1.8-ls-otomatik-871893485/detay;2001;292000;Lacivert;45000;TL;2020-10-17;Ankara;Etimesgut;Honda;Accord
219;detaylı bilgi için lütfen arayınız;https://www.sahibinden.com/ilan/vasita-otomobil-honda-detayli-bilgi-icin-lutfen-arayiniz-871359542/detay;2004;331000;Gümüş Gri;90000;TL;2020-10-15;Şanlıurfa;Ceylanpınar;Honda;Accord
220;Türkiye de Tek orjinal 133000 km de orjinal klasik;https://www.sahibinden.com/ilan/vasita-otomobil-honda-turkiye-de-tek-orjinal-133000-km-de-orjinal-klasik-843567330/detay;1984;133000;Mavi;65300;TL;2020-10-15;Ankara;Çankaya;Honda;Accord
221;Sahibinden otomatik Honda Accord;https://www.sahibinden.com/ilan/vasita-otomobil-honda-sahibinden-otomatik-honda-accord-871870920/detay;2004;360000;Lacivert;86000;TL;2020-10-17;Konya;Selçuklu;Honda;Accord
222;ACİL SATILIK;https://www.sahibinden.com/ilan/vasita-otomobil-honda-acil-satilik-866989654/detay;2009;255000;Siyah;124999;TL;2020-10-15;Samsun;İlkadım;Honda;Accord
223;HONDA NIN AMİRALİ BEJ DERİ KOLTUK FUL ACCORT;https://www.sahibinden.com/ilan/vasita-otomobil-honda-honda-nin-amirali-bej-deri-koltuk-ful-accort-871361169/detay;2006;186900;Siyah;119000;TL;2020-10-15;İzmir;Bayraklı;Honda;Accord
224;YAVUZ OTOMOTİVDEN*2012*ÇOK TEMİZ*LPG'lİ*AC­CORD*EXECUTİVE;https://www.sahibinden.com/ilan/vasita-otomobil-honda-yavuz-otomotivden-2012-cok-temiz-lpg-li-accord-executive-871354712/detay;2012;167000;Beyaz;181000;TL;2020-10-15;Gaziantep;Şehitkamil;Honda;Accord
225;//KEMAL OTOMOTİV// 2006 HONDA ACCORD 2.0 EXECUTİVE TAM OTOMATİK;https://www.sahibinden.com/ilan/vasita-otomobil-honda-kemal-otomotiv-2006-honda-accord-2.0-executive-tam-otomatik-871848083/detay;2006;295000;Füme;92250;TL;2020-10-17;İzmir;Buca;Honda;Accord
226;HONDA ACCORD 2.0 EXECUTİVE_FULL_F1 OTOMATİK VİTES+SUN ROOF+DERİ;https://www.sahibinden.com/ilan/vasita-otomobil-honda-honda-accord-2.0-executive_full_f1-otomatik-vites-plussun-roof-plusderi-862096105/detay;2009;370000;Gri;135000;TL;2020-10-17;Antalya;Muratpaşa;Honda;Accord
227;MÜKEMMEL KONDİSYONDA;https://www.sahibinden.com/ilan/vasita-otomobil-honda-mukemmel-kondisyonda-849375888/detay;2009;234000;Beyaz;134900;TL;2020-10-15;Antalya;Muratpaşa;Honda;Accord
228;Temiz Accord;https://www.sahibinden.com/ilan/vasita-otomobil-honda-temiz-accord-871176832/detay;2011;165000;Füme;182500;TL;2020-10-14;Mersin;Tarsus;Honda;Accord
229;Memurdan Temiz Accord;https://www.sahibinden.com/ilan/vasita-otomobil-honda-memurdan-temiz-accord-871665317/detay;2009;157000;Beyaz;163000;TL;2020-10-16;Şanlıurfa;Hilvan;Honda;Accord
230;ceylınden masrafsız lpgli işli otomatik vıtes;https://www.sahibinden.com/ilan/vasita-otomobil-honda-ceylinden-masrafsiz-lpgli-isli-otomatik-vites-871214770/detay;2004;317000;Füme;81250;TL;2020-10-14;Ankara;Akyurt;Honda;Accord
231;HATASIZ ARAYANLARA;https://www.sahibinden.com/ilan/vasita-otomobil-honda-hatasiz-arayanlara-871640205/detay;2004;449000;Siyah;105000;TL;2020-10-16;Ankara;Çankaya;Honda;Accord
232;AUTO M&S ' DEN TERTEMİZ HONDA ACCORD SANROUF+DERİ KOLTUK+ISITMA;https://www.sahibinden.com/ilan/vasita-otomobil-honda-auto-m-s-den-tertemiz-honda-accord-sanrouf-plusderi-koltuk-plusisitma-871163099/detay;1999;432000;Gümüş Gri;68750;TL;2020-10-14;İstanbul;Tuzla;Honda;Accord
233;sıfır muyane li sarruflu on numara;https://www.sahibinden.com/ilan/vasita-otomobil-honda-sifir-muyane-li-sarruflu-on-numara-850672543/detay;1994;373000;Füme;39900;TL;2020-10-14;Ankara;Sincan;Honda;Accord
234;1989 Honda accord coupe 2.0 OTOMATİK;https://www.sahibinden.com/ilan/vasita-otomobil-honda-1989-honda-accord-coupe-2.0-otomatik-801065656/detay;1989;2e+05;Yeşil;85000;TL;2020-10-14;İstanbul;Pendik;Honda;Accord
235;OTOMATİK VİTES Kusursuz Güzellik Sıkınsısız Accord;https://www.sahibinden.com/ilan/vasita-otomobil-honda-otomatik-vites-kusursuz-guzellik-sikinsisiz-accord-828747753/detay;2004;320000;Gümüş Gri;104900;TL;2020-10-15;Ankara;Yenimahalle;Honda;Accord
236;72 FAVORİYE DUYRULUR İLK GELEN ALIR;https://www.sahibinden.com/ilan/vasita-otomobil-honda-72-favoriye-duyrulur-ilk-gelen-alir-871525772/detay;2007;271000;Gümüş Gri;86000;TL;2020-10-16;Konya;Meram;Honda;Accord
237;2006 ACCORD 2.0 EXECUTİVE OTOMATİK TR DE TEK SERVİS BAKIMLI;https://www.sahibinden.com/ilan/vasita-otomobil-honda-2006-accord-2.0-executive-otomatik-tr-de-tek-servis-bakimli-739677021/detay;2006;236000;Füme;1e+05;TL;2020-10-14;Muğla;Menteşe;Honda;Accord
238;KARAŞİMŞEK SATIŞTA SAHİBİNDEN BAKIMLI;https://www.sahibinden.com/ilan/vasita-otomobil-honda-karasimsek-satista-sahibinden-bakimli-861517098/detay;2005;239000;Siyah;92900;TL;2020-10-16;Denizli;Pamukkale;Honda;Accord
239;*İMZA OTOMOTİV* 2004 ACCORD 2.0 SPORT OTOMATİK 235 BİN KM;https://www.sahibinden.com/ilan/vasita-otomobil-honda-imza-otomotiv-2004-accord-2.0-sport-otomatik-235-bin-km-871074663/detay;2004;235000;Füme;96000;TL;2020-10-14;Çorum;Merkez;Honda;Accord
240;satılık sahibinden honda accord 222.000km de Hatasız;https://www.sahibinden.com/ilan/vasita-otomobil-honda-satilik-sahibinden-honda-accord-222.000km-de-hatasiz-870964089/detay;2005;222000;Siyah;95000;TL;2020-10-14;Ankara;Gölbaşı;Honda;Accord
241;sahibinden temiz araç;https://www.sahibinden.com/ilan/vasita-otomobil-honda-sahibinden-temiz-arac-870949758/detay;2006;218000;Siyah;93000;TL;2020-10-13;İstanbul;Fatih;Honda;Accord
242;Değişensiz Orjinal HONDA ACCORD;https://www.sahibinden.com/ilan/vasita-otomobil-honda-degisensiz-orjinal-honda-accord-871458629/detay;1997;4e+05;Siyah;49000;TL;2020-10-15;Konya;Meram;Honda;Accord
243;Kıymetini bilene;https://www.sahibinden.com/ilan/vasita-otomobil-honda-kiymetini-bilene-871901862/detay;2001;260000;Lacivert;58000;TL;2020-10-17;İstanbul;Arnavutköy;Honda;Accord
244;YARI OTOMATİK VİTES;https://www.sahibinden.com/ilan/vasita-otomobil-honda-yari-otomatik-vites-871292052/detay;1985;299400;Gri;25000;TL;2020-10-15;Bursa;İnegöl;Honda;Accord
245;AMERİKAN KASA HONDA EX;https://www.sahibinden.com/ilan/vasita-otomobil-honda-amerikan-kasa-honda-ex-859845652/detay;1999;357000;Lacivert;62500;TL;2020-10-13;İzmir;Aliağa;Honda;Accord
246;ACİL Değişensiz Manuel Accord;https://www.sahibinden.com/ilan/vasita-otomobil-honda-acil-degisensiz-manuel-accord-870833899/detay;1999;275800;Siyah;66900;TL;2020-10-13;Ankara;Keçiören;Honda;Accord
247;Sahibinden takaslı siyah inci;https://www.sahibinden.com/ilan/vasita-otomobil-honda-sahibinden-takasli-siyah-inci-870859334/detay;2009;230000;Siyah;124000;TL;2020-10-13;İstanbul;Ataşehir;Honda;Accord
248;hastasından hastasına;https://www.sahibinden.com/ilan/vasita-otomobil-honda-hastasindan-hastasina-811442163/detay;2004;315000;Siyah;101500;TL;2020-10-13;Bursa;Gürsu;Honda;Accord
249;""""" HATASIZ""""";https://www.sahibinden.com/ilan/vasita-otomobil-honda-hatasiz-871314123/detay;2009;199000;Füme;179000;TL;2020-10-15;Ankara;Çankaya;Honda;Accord
250;DVT MOTORS'DAN 2005 MODEL HONDA ACCORD 2.2 CTDİ TEMİZ BAKIMLI;https://www.sahibinden.com/ilan/vasita-otomobil-honda-dvt-motors-dan-2005-model-honda-accord-2.2-ctdi-temiz-bakimli-858747267/detay;2005;348000;Siyah;80500;TL;2020-10-13;Konya;Karatay;Honda;Accord
251;Sahibinden temiz;https://www.sahibinden.com/ilan/vasita-otomobil-honda-sahibinden-temiz-870765156/detay;2008;236000;Füme;126000;TL;2020-10-13;Ankara;Yenimahalle;Honda;Accord
252;Honda hayatın tadı onda;https://www.sahibinden.com/ilan/vasita-otomobil-honda-honda-hayatin-tadi-onda-870321192/detay;2009;237865;Füme;155000;TL;2020-10-13;Gaziantep;Şahinbey;Honda;Accord
253;Honda ACCORD;https://www.sahibinden.com/ilan/vasita-otomobil-honda-honda-accord-870575725/detay;2007;290000;Siyah;98750;TL;2020-10-13;İstanbul;Küçükçekmece;Honda;Accord
254;Yürüyeni ve motoru çok temiz, hasar kayıtsız accord;https://www.sahibinden.com/ilan/vasita-otomobil-honda-yuruyeni-ve-motoru-cok-temiz-hasar-kayitsiz-accord-861239537/detay;1997;308000;Yeşil;45000;TL;2020-10-14;İstanbul;Tuzla;Honda;Accord
255;SAHİBİNDEN TEMİZ FULL PAKET 272.000 KM HONDA ACCORD;https://www.sahibinden.com/ilan/vasita-otomobil-honda-sahibinden-temiz-full-paket-272.000-km-honda-accord-870643795/detay;2004;274311;Siyah;86000;TL;2020-10-12;Kayseri;Melikgazi;Honda;Accord
256;Askeri personelden,Orjinal km'de konforlu sorunsuz harika...;https://www.sahibinden.com/ilan/vasita-otomobil-honda-askeri-personelden%2Corjinal-km-de-konforlu-sorunsuz-harika-870620232/detay;2005;185000;Siyah;120000;TL;2020-10-12;Kocaeli;Gölcük;Honda;Accord
257;ALPEREN'DEN HATASIZ 2011 HONDA ACCORD 2.0 EXECUTİVE FULL+FULL;https://www.sahibinden.com/ilan/vasita-otomobil-honda-alperen-den-hatasiz-2011-honda-accord-2.0-executive-full-plusfull-870629751/detay;2011;227000;Füme;127500;TL;2020-10-12;Adıyaman;Kahta;Honda;Accord
258;TÜRKOĞLUNDAN ACCORD 2.0 EX FULL 134 HP;https://www.sahibinden.com/ilan/vasita-otomobil-honda-turkoglundan-accord-2.0-ex-full-134-hp-870621391/detay;1992;203000;Yeşil;42000;TL;2020-10-12;Denizli;Sarayköy;Honda;Accord
259;Sahibinden Temiz Accort;https://www.sahibinden.com/ilan/vasita-otomobil-honda-sahibinden-temiz-accort-871192462/detay;2010;107000;Beyaz;189500;TL;2020-10-14;Denizli;Merkezefendi;Honda;Accord
260;PAZARLIKSIZ BİRİNCİ SINIF HONDA ACCORD 2,0 EXECUTİVE FUL+FULL;https://www.sahibinden.com/ilan/vasita-otomobil-honda-pazarliksiz-birinci-sinif-honda-accord-2%2C0-executive-ful-plusfull-870579561/detay;2009;197000;Siyah;138750;TL;2020-10-12;Gaziantep;Şehitkamil;Honda;Accord
261;SIFIR MOTOR ! SIFIR ŞANZIMAN ! KUSURSUZ ACCORD !;https://www.sahibinden.com/ilan/vasita-otomobil-honda-sifir-motor-sifir-sanziman-kusursuz-accord-871169629/detay;1991;5e+05;Kırmızı;37500;TL;2020-10-14;İzmir;Buca;Honda;Accord
262;2011 honda accord;https://www.sahibinden.com/ilan/vasita-otomobil-honda-2011-honda-accord-871158557/detay;2011;242500;Siyah;165000;TL;2020-10-14;Ankara;Mamak;Honda;Accord
263;REİS OTOMOTİV 2011 ACCORD EXECUTIVE 2.0 OTOMATİK 233.000 KM;https://www.sahibinden.com/ilan/vasita-otomobil-honda-reis-otomotiv-2011-accord-executive-2.0-otomatik-233.000-km-871157013/detay;2011;233000;Beyaz;165000;TL;2020-10-14;İstanbul;Eyüpsultan;Honda;Accord
264;SIFIR MOTOR SUNROOF KLİMALI HONDA ACCORD;https://www.sahibinden.com/ilan/vasita-otomobil-honda-sifir-motor-sunroof-klimali-honda-accord-848365624/detay;1991;250000;Beyaz;32000;TL;2020-10-12;Denizli;Pamukkale;Honda;Accord
265;Memur sahibinden Muayenesi yeni;https://www.sahibinden.com/ilan/vasita-otomobil-honda-memur-sahibinden-muayenesi-yeni-870423295/detay;2001;268500;Lacivert;49000;TL;2020-10-12;İstanbul;Zeytinburnu;Honda;Accord
266;2001 honda accord;https://www.sahibinden.com/ilan/vasita-otomobil-honda-2001-honda-accord-871063766/detay;2001;193000;Gri;59000;TL;2020-10-14;Kayseri;Kocasinan;Honda;Accord
267;temiz accord;https://www.sahibinden.com/ilan/vasita-otomobil-honda-temiz-accord-870966375/detay;2006;210000;Lacivert;127000;TL;2020-10-14;Eskişehir;Odunpazarı;Honda;Accord
268;Sahibinden accord;https://www.sahibinden.com/ilan/vasita-otomobil-honda-sahibinden-accord-870349701/detay;2004;4e+05;Siyah;115000;TL;2020-10-12;Hatay;Payas;Honda;Accord
269;45 favoriye son 11 gün;https://www.sahibinden.com/ilan/vasita-otomobil-honda-45-favoriye-son-11-gun-870330980/detay;1996;396000;Beyaz;42500;TL;2020-10-11;Ordu;Altınordu;Honda;Accord
270;SAHİBİNDEN TEMİZ ACCORD;https://www.sahibinden.com/ilan/vasita-otomobil-honda-sahibinden-temiz-accord-870300395/detay;2008;270000;Siyah;144000;TL;2020-10-11;Ankara;Pursaklar;Honda;Accord
271;UYGUN FİYATLI ACCORD ARAYANA ..!;https://www.sahibinden.com/ilan/vasita-otomobil-honda-uygun-fiyatli-accord-arayana-870303361/detay;2004;333000;Füme;80000;TL;2020-10-11;Tekirdağ;Çerkezköy;Honda;Accord
272;ORJINAL 117.000 km de 2008 Honda Accord;https://www.sahibinden.com/ilan/vasita-otomobil-honda-orjinal-117.000-km-de-2008-honda-accord-840860168/detay;2008;117000;Siyah;169500;TL;2020-10-11;Bursa;Yıldırım;Honda;Accord
273;sahibinden japon tanki;https://www.sahibinden.com/ilan/vasita-otomobil-honda-sahibinden-japon-tanki-834151432/detay;2005;330000;Siyah;69500;TL;2020-10-13;Antalya;Kepez;Honda;Accord
274;1993 Model Temiz Accord;https://www.sahibinden.com/ilan/vasita-otomobil-honda-1993-model-temiz-accord-870672516/detay;1993;380000;Yeşil;48000;TL;2020-10-13;Konya;Karatay;Honda;Accord
275;ECZACIDAN TEMİZ FULL PAKET OTOMATİK HONDA ACCORD;https://www.sahibinden.com/ilan/vasita-otomobil-honda-eczacidan-temiz-full-paket-otomatik-honda-accord-870089890/detay;2004;262000;Siyah;93000;TL;2020-10-10;Ankara;Altındağ;Honda;Accord
276;Sıkıntısız;https://www.sahibinden.com/ilan/vasita-otomobil-honda-sikintisiz-870582780/detay;1998;330000;Gri;42000;TL;2020-10-12;Kayseri;Melikgazi;Honda;Accord
277;TAM OTAMATİK ACCORD;https://www.sahibinden.com/ilan/vasita-otomobil-honda-tam-otamatik-accord-870070378/detay;1994;330000;Siyah;41500;TL;2020-10-10;İstanbul;Beylikdüzü;Honda;Accord
278;Adliye personelinden satılık;https://www.sahibinden.com/ilan/vasita-otomobil-honda-adliye-personelinden-satilik-870025384/detay;2012;144000;Beyaz;190000;TL;2020-10-10;Kahramanmaraş;Onikişubat;Honda;Accord
279;Servis bakımlı iyi durumda;https://www.sahibinden.com/ilan/vasita-otomobil-honda-servis-bakimli-iyi-durumda-844912239/detay;2006;255000;Gümüş Gri;92500;TL;2020-10-10;Ankara;Altındağ;Honda;Accord
280;DİRİ BİR ARAÇ;https://www.sahibinden.com/ilan/vasita-otomobil-honda-diri-bir-arac-859410010/detay;1997;378575;Füme;49500;TL;2020-10-10;Manisa;Şehzadeler;Honda;Accord
281;SALİH OTOMOTİV'DEN 2007 ACCORD DÜŞÜK KM;https://www.sahibinden.com/ilan/vasita-otomobil-honda-salih-otomotiv-den-2007-accord-dusuk-km-856478372/detay;2008;145000;Siyah;142000;TL;2020-10-10;Denizli;Sarayköy;Honda;Accord
282;2.SAHİBİNDEN ORJ. 128.000 KM'DE 2005 MODEL 2.0 HONDA ACCORD;https://www.sahibinden.com/ilan/vasita-otomobil-honda-2.sahibinden-orj-128.000-km-de-2005-model-2.0-honda-accord-870423383/detay;2006;128000;Gri;127900;TL;2020-10-12;Kocaeli;Kartepe;Honda;Accord
283;HASTASINA MASRAFSIZ OTOMOTİK VİTES ACCORD SON 3 GÜN;https://www.sahibinden.com/ilan/vasita-otomobil-honda-hastasina-masrafsiz-otomotik-vites-accord-son-3-gun-857316395/detay;2004;291000;Füme;79750;TL;2020-10-09;Kahramanmaraş;Onikişubat;Honda;Accord
284;Honda Accord 2.0 Executive Mugen Paket;https://www.sahibinden.com/ilan/vasita-otomobil-honda-honda-accord-2.0-executive-mugen-paket-870278877/detay;2011;147000;Siyah;175000;TL;2020-10-11;Antalya;Korkuteli;Honda;Accord
285;İLK SAHİBİNDEN TEMİZ 240 BİN KM;https://www.sahibinden.com/ilan/vasita-otomobil-honda-ilk-sahibinden-temiz-240-bin-km-869736921/detay;1999;240000;Siyah;67500;TL;2020-10-09;İstanbul;Sarıyer;Honda;Accord
286;YILAN SATIŞTA;https://www.sahibinden.com/ilan/vasita-otomobil-honda-yilan-satista-869709688/detay;1990;210000;Füme;50500;TL;2020-10-09;Aydın;Nazilli;Honda;Accord
287;sahibinden accord;https://www.sahibinden.com/ilan/vasita-otomobil-honda-sahibinden-accord-870097679/detay;2005;233000;Siyah;94000;TL;2020-10-11;Kocaeli;Çayırova;Honda;Accord
288;DEĞİŞENSİZ HONDA ACCORD;https://www.sahibinden.com/ilan/vasita-otomobil-honda-degisensiz-honda-accord-870179473/detay;2005;257000;Lacivert;95250;TL;2020-10-11;Ankara;Çankaya;Honda;Accord
289;SAHİBİNDEN EXECUTİVE YENİ MUAYENELİ;https://www.sahibinden.com/ilan/vasita-otomobil-honda-sahibinden-executive-yeni-muayeneli-870226370/detay;2006;243000;Füme;96750;TL;2020-10-11;Sakarya;Adapazarı;Honda;Accord
290;hatasiz cam gibi;https://www.sahibinden.com/ilan/vasita-otomobil-honda-hatasiz-cam-gibi-870137148/detay;2003;313000;Siyah;99000;TL;2020-10-11;Konya;Selçuklu;Honda;Accord
291;2000 MODEL AMERİKAN KASA HONDA ACCORD OTOMATİK VİTES;https://www.sahibinden.com/ilan/vasita-otomobil-honda-2000-model-amerikan-kasa-honda-accord-otomatik-vites-869578935/detay;2000;324000;Gümüş Gri;83500;TL;2020-10-08;İzmir;Buca;Honda;Accord
292;ÜNLÜ AUTO DAN BAKIMLI TEMİZ 1.6 HONDA ACCORD;https://www.sahibinden.com/ilan/vasita-otomobil-honda-unlu-auto-dan-bakimli-temiz-1.6-honda-accord-859151972/detay;1986;350000;Gri;22900;TL;2020-10-08;Kayseri;Kocasinan;Honda;Accord
293;temiz honda;https://www.sahibinden.com/ilan/vasita-otomobil-honda-temiz-honda-870096404/detay;1995;223000;Beyaz;48500;TL;2020-10-10;Diyarbakır;Bağlar;Honda;Accord
294;Honda Accrord 2.4 Executive;https://www.sahibinden.com/ilan/vasita-otomobil-honda-honda-accrord-2.4-executive-869500047/detay;2006;310000;Gri;95000;TL;2020-10-08;Sakarya;Akyazı;Honda;Accord
295;cumaya kadar bu fiyat;https://www.sahibinden.com/ilan/vasita-otomobil-honda-cumaya-kadar-bu-fiyat-869491929/detay;2004;236000;Füme;103000;TL;2020-10-08;Ankara;Sincan;Honda;Accord
296;HATASIZ MASRAFSIZ ORJİNAL;https://www.sahibinden.com/ilan/vasita-otomobil-honda-hatasiz-masrafsiz-orjinal-869455086/detay;2004;213000;Füme;125500;TL;2020-10-08;Çorum;Osmancık;Honda;Accord
297;DAHA TEMİZ YOK ACİL;https://www.sahibinden.com/ilan/vasita-otomobil-honda-daha-temiz-yok-acil-869972822/detay;2000;295000;Lacivert;61000;TL;2020-10-10;İzmir;Bornova;Honda;Accord
298;2005 HONDA ACCORD 2.4 BENZİN&LPG OTOMATİK FULL PAKET;https://www.sahibinden.com/ilan/vasita-otomobil-honda-2005-honda-accord-2.4-benzin-lpg-otomatik-full-paket-869405530/detay;2004;293000;Siyah;96900;TL;2020-10-08;İstanbul;Pendik;Honda;Accord
299;TEMİZ HONDA ACCORD 2004;https://www.sahibinden.com/ilan/vasita-otomobil-honda-temiz-honda-accord-2004-869969083/detay;2004;201000;Gümüş Gri;95000;TL;2020-10-10;Mersin;Mezitli;Honda;Accord
300;ACİLLL Sahibinden;https://www.sahibinden.com/ilan/vasita-otomobil-honda-acilll-sahibinden-869888447/detay;2003;313000;Siyah;95000;TL;2020-10-10;Ankara;Keçiören;Honda;Accord
301;honda accord;https://www.sahibinden.com/ilan/vasita-otomobil-honda-honda-accord-869934644/detay;2009;251000;Siyah;134000;TL;2020-10-10;İzmir;Diğer;Honda;Accord
302;TR BU KM' DE TEK !!!;https://www.sahibinden.com/ilan/vasita-otomobil-honda-tr-bu-km-de-tek-869287094/detay;2004;116000;Füme;133000;TL;2020-10-08;Kocaeli;Kartepe;Honda;Accord
303;beyaz güvercin satista;https://www.sahibinden.com/ilan/vasita-otomobil-honda-beyaz-guvercin-satista-869859992/detay;1992;100;Beyaz;35500;TL;2020-10-09;Muğla;Fethiye;Honda;Accord
304;Honda Accord Otomatik 184 bin km oldu.;https://www.sahibinden.com/ilan/vasita-otomobil-honda-honda-accord-otomatik-184-bin-km-oldu-869262003/detay;2004;182000;Lacivert;99500;TL;2020-10-07;İstanbul;Beylikdüzü;Honda;Accord
305;SATILIK HONDA ACCORD 2.0 EXECUTIVE;https://www.sahibinden.com/ilan/vasita-otomobil-honda-satilik-honda-accord-2.0-executive-837337877/detay;2009;165578;Gri;115000;TL;2020-10-09;Ankara;Yenimahalle;Honda;Accord
306;Sahibinden Honda Accord 2.0 Sport LPG li;https://www.sahibinden.com/ilan/vasita-otomobil-honda-sahibinden-honda-accord-2.0-sport-lpg-li-858323745/detay;2003;276000;Gri;79000;TL;2020-10-09;Kayseri;Talas;Honda;Accord
307;SAHİBİNE ŞİMDİDEN HAYIRLI OLSUN;https://www.sahibinden.com/ilan/vasita-otomobil-honda-sahibine-simdiden-hayirli-olsun-858355590/detay;2004;290000;Siyah;85250;TL;2020-10-09;Eskişehir;Odunpazarı;Honda;Accord
308;2009 ACCORD EXECUTİVE TEMİZ;https://www.sahibinden.com/ilan/vasita-otomobil-honda-2009-accord-executive-temiz-869052975/detay;2009;255500;Gri;140000;TL;2020-10-07;Konya;Selçuklu;Honda;Accord
309;TOPRAK MOTORS HONDA ACCORD 2.4 EXECUTİVE 274.000 KM;https://www.sahibinden.com/ilan/vasita-otomobil-honda-toprak-motors-honda-accord-2.4-executive-274.000-km-869691270/detay;2003;274000;Gümüş Gri;88000;TL;2020-10-09;Konya;Karatay;Honda;Accord
310;orijinal 2000 model honda accort;https://www.sahibinden.com/ilan/vasita-otomobil-honda-orijinal-2000-model-honda-accort-868893571/detay;2000;290000;Bej;73000;TL;2020-10-06;Antalya;Konyaaltı;Honda;Accord
311;2007 2.0 2.SAHİP VSA-SUNROOF-DERİ-­ISITMA-DEĞİŞENSİZ 160.000 KM;https://www.sahibinden.com/ilan/vasita-otomobil-honda-2007-2.0-2.sahip-vsa-sunroof-deri-isitma-degisensiz-160.000-km-856429784/detay;2007;163000;Siyah;127500;TL;2020-10-08;Denizli;Pamukkale;Honda;Accord
312;YER UÇAĞI...;https://www.sahibinden.com/ilan/vasita-otomobil-honda-yer-ucagi-868860003/detay;2004;238000;Siyah;120000;TL;2020-10-06;İstanbul;Ümraniye;Honda;Accord
313;Sahibinden Bakımlı HONDA;https://www.sahibinden.com/ilan/vasita-otomobil-honda-sahibinden-bakimli-honda-855534056/detay;2005;273000;Siyah;84900;TL;2020-10-08;Konya;Selçuklu;Honda;Accord
314;Sahibinden 2003 Model Honda Accord 2.4;https://www.sahibinden.com/ilan/vasita-otomobil-honda-sahibinden-2003-model-honda-accord-2.4-869464949/detay;2003;345000;Füme;87500;TL;2020-10-08;Kayseri;Kocasinan;Honda;Accord
315;otomatik aracım satılıktır;https://www.sahibinden.com/ilan/vasita-otomobil-honda-otomatik-aracim-satiliktir-868839664/detay;2004;386000;Mavi;73000;TL;2020-10-06;Kocaeli;Derince;Honda;Accord
316;AVUKATTAN HATASIZ CAM GİBİ ACCORD;https://www.sahibinden.com/ilan/vasita-otomobil-honda-avukattan-hatasiz-cam-gibi-accord-681565873/detay;2010;229000;Füme;140000;TL;2020-10-06;İstanbul;Bakırköy;Honda;Accord
317;GÜMÜŞ MOTORS DAN 2004 ACCORD 2.4 OTOMATİK EXECUTİVE *SUNROOF*;https://www.sahibinden.com/ilan/vasita-otomobil-honda-gumus-motors-dan-2004-accord-2.4-otomatik-executive-sunroof-868839593/detay;2004;370000;Lacivert;84000;TL;2020-10-06;Konya;Karatay;Honda;Accord
318;HATA BOYA DEĞİŞEN YOK 127000 kmde;https://www.sahibinden.com/ilan/vasita-otomobil-honda-hata-boya-degisen-yok-127000-kmde-868660932/detay;2010;12700;Siyah;197000;TL;2020-10-06;Ankara;Kahramankazan;Honda;Accord
319;Özel servis bakımlı sahibinden Makyajlı kasa Accord;https://www.sahibinden.com/ilan/vasita-otomobil-honda-ozel-servis-bakimli-sahibinden-makyajli-kasa-accord-830922811/detay;2006;205000;Gümüş Gri;130000;TL;2020-10-06;İstanbul;Fatih;Honda;Accord
320;JAPON AMİRAL GEMİSİ TAKAS KAFAMA YATAN ARAÇLAR İLE OLUR;https://www.sahibinden.com/ilan/vasita-otomobil-honda-japon-amiral-gemisi-takas-kafama-yatan-araclar-ile-olur-869276026/detay;2006;188000;Gri;128000;TL;2020-10-08;İstanbul;Ümraniye;Honda;Accord
321;eslem den hatasiz;https://www.sahibinden.com/ilan/vasita-otomobil-honda-eslem-den-hatasiz-858102031/detay;2004;320000;Siyah;89000;TL;2020-10-06;Konya;Karatay;Honda;Accord
322;Benim Kralligim.;https://www.sahibinden.com/ilan/vasita-otomobil-honda-benim-kralligim-868305604/detay;2009;221000;Siyah;165000;TL;2020-10-07;Ankara;Çankaya;Honda;Accord
323;ORJİNAL HONDA ACCORD EXECUTIVE 2.0 TERTEMİZ;https://www.sahibinden.com/ilan/vasita-otomobil-honda-orjinal-honda-accord-executive-2.0-tertemiz-868596045/detay;2008;167000;Füme;137000;TL;2020-10-05;İstanbul;Avcılar;Honda;Accord
324;ORİJİNAL MAKYAJLI KASA DÜŞÜK KM;https://www.sahibinden.com/ilan/vasita-otomobil-honda-orijinal-makyajli-kasa-dusuk-km-869143527/detay;2011;115000;Beyaz;2e+05;TL;2020-10-07;İstanbul;Tuzla;Honda;Accord
325;SAHİBİNDEN SATILIK KAZASIZ ve DEĞİŞENSİZ DİZEL HONDA ACCORD;https://www.sahibinden.com/ilan/vasita-otomobil-honda-sahibinden-satilik-kazasiz-ve-degisensiz-dizel-honda-accord-845725006/detay;2005;316000;Füme;110000;TL;2020-10-07;İstanbul;Kadıköy;Honda;Accord
326;Sahibinden Full Bakımlı;https://www.sahibinden.com/ilan/vasita-otomobil-honda-sahibinden-full-bakimli-848286512/detay;1998;254000;Füme;46500;TL;2020-10-07;Balıkesir;Bandırma;Honda;Accord
327;TEMIZ -DIRI -BAKIMLI ACCORD;https://www.sahibinden.com/ilan/vasita-otomobil-honda-temiz-diri-bakimli-accord-868480520/detay;2005;240630;Gri;118000;TL;2020-10-05;Sivas;Merkez;Honda;Accord
328;YENİ RENK OTOMOTIV 2014 ACCORD EXECUTIVE BRC LPG 159.000 KM;https://www.sahibinden.com/ilan/vasita-otomobil-honda-yeni-renk-otomotiv-2014-accord-executive-brc-lpg-159.000-km-869121696/detay;2014;159000;Siyah;230000;TL;2020-10-07;İzmir;Buca;Honda;Accord
329;HHHHONDA 54;https://www.sahibinden.com/ilan/vasita-otomobil-honda-hhhhonda-54-845061283/detay;2000;4e+05;Gri;68000;TL;2020-10-07;Sakarya;Akyazı;Honda;Accord
330;2004 KUSURSUZ TEMİZLİKTE ACCORD;https://www.sahibinden.com/ilan/vasita-otomobil-honda-2004-kusursuz-temizlikte-accord-869064751/detay;2004;330000;Füme;82500;TL;2020-10-07;Ordu;Ünye;Honda;Accord
331;KARA YILDIRIM BİR DAHA ARASANDA BULAMAZSIN;https://www.sahibinden.com/ilan/vasita-otomobil-honda-kara-yildirim-bir-daha-arasanda-bulamazsin-866546775/detay;1997;237000;Siyah;48000;TL;2020-10-07;Adana;Sarıçam;Honda;Accord
332;Gel gör al git;https://www.sahibinden.com/ilan/vasita-otomobil-honda-gel-gor-al-git-868329224/detay;2000;335000;Siyah;59750;TL;2020-10-05;Ankara;Sincan;Honda;Accord
333;2.4 MAKYAJLI KASA 2007 (2 günlük fiyattır aciliyetim olduğundan);https://www.sahibinden.com/ilan/vasita-otomobil-honda-2.4-makyajli-kasa-2007-2-gunluk-fiyattir-aciliyetim-oldugundan-868916872/detay;2007;237000;Siyah;127500;TL;2020-10-07;İzmir;Bornova;Honda;Accord
334;TR'de böyle AcCoRd gördünüz mü;https://www.sahibinden.com/ilan/vasita-otomobil-honda-tr-de-boyle-accord-gordunuz-mu-868902341/detay;2003;276500;Lacivert;115000;TL;2020-10-07;Kocaeli;Kartepe;Honda;Accord
335;ACİL SATILIK !!!!;https://www.sahibinden.com/ilan/vasita-otomobil-honda-acil-satilik-868822610/detay;2004;395000;Siyah;77499;TL;2020-10-06;Gaziantep;Şehitkamil;Honda;Accord
336;Tr tek Amerikan Accord yok boylesi;https://www.sahibinden.com/ilan/vasita-otomobil-honda-tr-tek-amerikan-accord-yok-boylesi-868075868/detay;1988;135000;Bej;67500;TL;2020-10-04;Ankara;Mamak;Honda;Accord
337;SAHİBİNDEN DEĞİŞENSİZ ACCORD;https://www.sahibinden.com/ilan/vasita-otomobil-honda-sahibinden-degisensiz-accord-868051986/detay;2006;240000;Siyah;130000;TL;2020-10-04;Kırıkkale;Merkez;Honda;Accord
338;ÜNİVERSİTE PERSONELİNDEN HATASIZ ACCORD;https://www.sahibinden.com/ilan/vasita-otomobil-honda-universite-personelinden-hatasiz-accord-868779754/detay;2006;285000;Siyah;115000;TL;2020-10-06;Karaman;Merkez;Honda;Accord
339;askeri personelden tamamen orjinal;https://www.sahibinden.com/ilan/vasita-otomobil-honda-askeri-personelden-tamamen-orjinal-868184438/detay;2007;243000;Siyah;128000;TL;2020-10-04;Kayseri;Kocasinan;Honda;Accord
340;3.sahibinden sadece 168000 de;https://www.sahibinden.com/ilan/vasita-otomobil-honda-3.sahibinden-sadece-168000-de-868172600/detay;1998;168000;Siyah;63500;TL;2020-10-04;İstanbul;Kadıköy;Honda;Accord
341;Accord 2.4 Otomatik Tertemiz;https://www.sahibinden.com/ilan/vasita-otomobil-honda-accord-2.4-otomatik-tertemiz-868640303/detay;2003;330000;Füme;97500;TL;2020-10-05;Kayseri;Kocasinan;Honda;Accord
342;DEĞİŞENSİZ - HASAR KAYITSIZ - EXTRALI - FULL+FULL ACCORD;https://www.sahibinden.com/ilan/vasita-otomobil-honda-degisensiz-hasar-kayitsiz-extrali-full-plusfull-accord-868052368/detay;2006;205000;Siyah;125000;TL;2020-10-03;Karabük;Safranbolu;Honda;Accord
343;30.10.2020 son gün;https://www.sahibinden.com/ilan/vasita-otomobil-honda-30.10.2020-son-gun-868058499/detay;2000;92000;Bej;103890;TL;2020-10-03;İstanbul;Sultanbeyli;Honda;Accord
344;Honda Euro Accord 1997 Değişensiz;https://www.sahibinden.com/ilan/vasita-otomobil-honda-honda-euro-accord-1997-degisensiz-868603432/detay;1997;367776;Füme;43750;TL;2020-10-05;Antalya;Korkuteli;Honda;Accord
345;2004 HONDA ACCORD 2.0 SPORT LPG'Lİ ORJİNAL KM'DE MASRAFSIZ.;https://www.sahibinden.com/ilan/vasita-otomobil-honda-2004-honda-accord-2.0-sport-lpg-li-orjinal-km-de-masrafsiz-868030166/detay;2004;396000;Siyah;71000;TL;2020-10-03;Ankara;Keçiören;Honda;Accord
346;_TEPE MOTORS_ 2011 ACCORD EXECUTİVE DEĞİŞENSİZ FULL 192.000 KM;https://www.sahibinden.com/ilan/vasita-otomobil-honda-tepe-motors-2011-accord-executive-degisensiz-full-192.000-km-868017000/detay;2011;192000;Gri;167500;TL;2020-10-03;İzmir;Buca;Honda;Accord
347;ACCORD+2.0 EXECUTİVE+ 238BİN KM +2009+OTOMATİK­+SUNROOF+SİMİT LPG;https://www.sahibinden.com/ilan/vasita-otomobil-honda-accord-plus2.0-executive-plus-238bin-km-plus2009-plusotomatik-plussunroof-plussimit-lpg-846592174/detay;2009;238000;Siyah;143750;TL;2020-10-05;Ankara;Çankaya;Honda;Accord
348;HONDA ACCORD SAHIBINDEN OTOMATIK;https://www.sahibinden.com/ilan/vasita-otomobil-honda-honda-accord-sahibinden-otomatik-842801910/detay;1997;366000;Siyah;42800;TL;2020-10-03;Ankara;Etimesgut;Honda;Accord
349;SAHİBİNDEN EURO ACCORD 120 BİNDE;https://www.sahibinden.com/ilan/vasita-otomobil-honda-sahibinden-euro-accord-120-binde-838681878/detay;2000;121000;Gümüş Gri;76500;TL;2020-10-05;Denizli;Merkezefendi;Honda;Accord
350;3. Sahibinden, 196binde, Değişensiz;https://www.sahibinden.com/ilan/vasita-otomobil-honda-3-sahibinden-196binde-degisensiz-867878320/detay;2004;196000;Siyah;108000;TL;2020-10-03;Bartın;Merkez;Honda;Accord
351;Otomatik Accord;https://www.sahibinden.com/ilan/vasita-otomobil-honda-otomatik-accord-868315613/detay;2004;280000;Füme;75000;TL;2020-10-04;Kayseri;Kocasinan;Honda;Accord
352;Favorinin DİKKATine son günler..!!;https://www.sahibinden.com/ilan/vasita-otomobil-honda-favorinin-dikkatine-son-gunler-868322272/detay;2004;285500;Lacivert;83000;TL;2020-10-04;İstanbul;Kağıthane;Honda;Accord
353;2010 HONDA ACCORD 2.0 156 HP EXECUTIVE SUNROOF FULL OTOMATIK....;https://www.sahibinden.com/ilan/vasita-otomobil-honda-2010-honda-accord-2.0-156-hp-executive-sunroof-full-otomatik-868307290/detay;2010;240000;Siyah;149750;TL;2020-10-04;Ankara;Akyurt;Honda;Accord
354;Fiyat düştü son 10 gün;https://www.sahibinden.com/ilan/vasita-otomobil-honda-fiyat-dustu-son-10-gun-868284099/detay;2004;371000;Lacivert;74500;TL;2020-10-04;Konya;Karatay;Honda;Accord
355;2004 Honda Accord Manken+Yer uçağı son indirimler ilk gelen alır;https://www.sahibinden.com/ilan/vasita-otomobil-honda-2004-honda-accord-manken-plusyer-ucagi-son-indirimler-ilk-gelen-alir-867736950/detay;2004;280000;Siyah;89750;TL;2020-10-02;Artvin;Merkez;Honda;Accord
356;HONDA ACCORD 2.0 SPORT OTOMATİK;https://www.sahibinden.com/ilan/vasita-otomobil-honda-honda-accord-2.0-sport-otomatik-867708465/detay;2003;3e+05;Mavi;76500;TL;2020-10-02;Ankara;Sincan;Honda;Accord
357;GARANTİ42 OTOMOTİVDEN SIFIR VİZELİ EN DOLU EMSALSİZ TEMİZLİKTE;https://www.sahibinden.com/ilan/vasita-otomobil-honda-garanti42-otomotivden-sifir-vizeli-en-dolu-emsalsiz-temizlikte-853344526/detay;2006;227000;Siyah;75000;TL;2020-10-02;Konya;Karatay;Honda;Accord
358;DERİ ISITMA SOĞUTMA DOUBLE EKRAN 2011 ACCORD YARIM BOYA TRAMERSİ;https://www.sahibinden.com/ilan/vasita-otomobil-honda-deri-isitma-sogutma-double-ekran-2011-accord-yarim-boya-tramersi-868235426/detay;2011;164000;Füme;185750;TL;2020-10-04;Sivas;Merkez;Honda;Accord
359;SAHİBİNDEN TERTEMİZ;https://www.sahibinden.com/ilan/vasita-otomobil-honda-sahibinden-tertemiz-867651002/detay;2011;227000;Beyaz;150000;TL;2020-10-02;Kayseri;Melikgazi;Honda;Accord
360;HONDA ACCORD OTOMATİK..;https://www.sahibinden.com/ilan/vasita-otomobil-honda-honda-accord-otomatik-867307161/detay;2000;319000;Siyah;48750;TL;2020-10-02;Ankara;Altındağ;Honda;Accord
361;2007 MAKYAJLI KASA ACCORD;https://www.sahibinden.com/ilan/vasita-otomobil-honda-2007-makyajli-kasa-accord-868061421/detay;2007;245000;Siyah;125000;TL;2020-10-04;İstanbul;Küçükçekmece;Honda;Accord
362;Honda Accord Sevenlere...;https://www.sahibinden.com/ilan/vasita-otomobil-honda-honda-accord-sevenlere-867365594/detay;1992;466000;Füme;36750;TL;2020-10-01;İstanbul;Esenyurt;Honda;Accord
363;hastasına satışta;https://www.sahibinden.com/ilan/vasita-otomobil-honda-hastasina-satista-868019304/detay;1995;286000;Mavi;41000;TL;2020-10-03;Adana;Yüreğir;Honda;Accord
364;SON GÜNLER GELENİ ÜZMEM;https://www.sahibinden.com/ilan/vasita-otomobil-honda-son-gunler-geleni-uzmem-867028934/detay;2004;285000;Füme;95000;TL;2020-10-03;Afyonkarahisar;Emirdağ;Honda;Accord
365;93 ACCORT 2.0 OTOMATİK FULL;https://www.sahibinden.com/ilan/vasita-otomobil-honda-93-accort-2.0-otomatik-full-867406779/detay;1993;298000;Mavi;41500;TL;2020-10-01;Sivas;Merkez;Honda;Accord
366;2009 Accord SERAMİK KAPLAMA + LPG Yeni;https://www.sahibinden.com/ilan/vasita-otomobil-honda-2009-accord-seramik-kaplama-plus-lpg-yeni-766631102/detay;2009;216000;Siyah;165000;TL;2020-10-01;Konya;Selçuklu;Honda;Accord
367;sahibinden on numara accord executive son üç gün;https://www.sahibinden.com/ilan/vasita-otomobil-honda-sahibinden-on-numara-accord-executive-son-uc-gun-867020148/detay;2005;256000;Gümüş Gri;94500;TL;2020-10-01;Aksaray;Merkez;Honda;Accord
368;Honda Accord 99' 3.0 Yürürü mükemmel ağırlını hissettiren 1 araç;https://www.sahibinden.com/ilan/vasita-otomobil-honda-honda-accord-99-3.0-yururu-mukemmel-agirlini-hissettiren-1-arac-867348376/detay;2000;330000;Yeşil;61500;TL;2020-10-01;İstanbul;Başakşehir;Honda;Accord
369;BEKLENEN HONDA ACCORD....!;https://www.sahibinden.com/ilan/vasita-otomobil-honda-beklenen-honda-accord-845696370/detay;2016;148000;Beyaz;530000;TL;2020-10-01;Elazığ;Karakoçan;Honda;Accord
370;FAVORİCİLER BURAYA;https://www.sahibinden.com/ilan/vasita-otomobil-honda-favoriciler-buraya-838385915/detay;2011;99800;Beyaz;210000;TL;2020-10-03;İstanbul;Zeytinburnu;Honda;Accord
371;TUĞRAdan Honda Accord yeni kasa;https://www.sahibinden.com/ilan/vasita-otomobil-honda-tugradan-honda-accord-yeni-kasa-867290878/detay;2009;325000;Siyah;145000;TL;2020-10-01;Konya;Çumra;Honda;Accord
372;Acil İkinci sahibinden orjinal;https://www.sahibinden.com/ilan/vasita-otomobil-honda-acil-ikinci-sahibinden-orjinal-867286708/detay;2003;320000;Gümüş Gri;99000;TL;2020-10-01;Antalya;Kepez;Honda;Accord
373;MEMURDAN LPG'Lİ OTOMATİK HONDA ACCORD HASAR KAYDI YOK;https://www.sahibinden.com/ilan/vasita-otomobil-honda-memurdan-lpg-li-otomatik-honda-accord-hasar-kaydi-yok-867123404/detay;2001;244000;Gümüş Gri;67000;TL;2020-10-01;Bursa;Orhangazi;Honda;Accord
374;EŞSİZ BENZERSİZ MERAKLISINA FUL +FUL+FUL;https://www.sahibinden.com/ilan/vasita-otomobil-honda-essiz-benzersiz-meraklisina-ful-plusful-plusful-841786190/detay;2005;345000;Mavi;92500;TL;2020-10-01;Şanlıurfa;Haliliye;Honda;Accord
375;MEMURDAN AÇIKLAMAYI OKUYUNUZ;https://www.sahibinden.com/ilan/vasita-otomobil-honda-memurdan-aciklamayi-okuyunuz-867054687/detay;1996;345000;Füme;49000;TL;2020-09-30;Şanlıurfa;Karaköprü;Honda;Accord
376;Honda Accord Otomatik Lpg'li;https://www.sahibinden.com/ilan/vasita-otomobil-honda-honda-accord-otomatik-lpg-li-867732425/detay;1996;255000;Yeşil;36500;TL;2020-10-02;Afyonkarahisar;Bolvadin;Honda;Accord
377;SAHİBİNDEN HATASIZ BOYASIZ DEĞİŞENSİZ BEYAZ BALİNA;https://www.sahibinden.com/ilan/vasita-otomobil-honda-sahibinden-hatasiz-boyasiz-degisensiz-beyaz-balina-867385706/detay;2012;135000;Beyaz;225000;TL;2020-10-01;Antalya;Konyaaltı;Honda;Accord
378;SON İNDİRİM AŞAGISI YOK;https://www.sahibinden.com/ilan/vasita-otomobil-honda-son-indirim-asagisi-yok-849748941/detay;1999;492000;Yeşil;71000;TL;2020-09-29;İstanbul;Maltepe;Honda;Accord
379;2008 HONDA ACCORD EXECUTIVE DOKTORDAN TEMİZ AİLE ARACI;https://www.sahibinden.com/ilan/vasita-otomobil-honda-2008-honda-accord-executive-doktordan-temiz-aile-araci-867106804/detay;2008;218000;Siyah;138000;TL;2020-10-01;İzmir;Konak;Honda;Accord
380;2005 temiz Accort sahibinden;https://www.sahibinden.com/ilan/vasita-otomobil-honda-2005-temiz-accort-sahibinden-867071235/detay;2005;227000;Siyah;92000;TL;2020-09-30;Bursa;Nilüfer;Honda;Accord
381;Orijinal değişensin;https://www.sahibinden.com/ilan/vasita-otomobil-honda-orijinal-degisensin-855133789/detay;2000;312000;Gümüş Gri;66500;TL;2020-09-30;Konya;Meram;Honda;Accord
382;bakımlı temiz sahibinden accord;https://www.sahibinden.com/ilan/vasita-otomobil-honda-bakimli-temiz-sahibinden-accord-821002898/detay;2001;345000;Lacivert;65000;TL;2020-09-28;Kırıkkale;Bahşili;Honda;Accord
383;Honda hayat onda;https://www.sahibinden.com/ilan/vasita-otomobil-honda-honda-hayat-onda-714149658/detay;2011;189000;Beyaz;173000;TL;2020-09-29;Konya;Karatay;Honda;Accord
384;Çok Temiz otomatik Vites Accord;https://www.sahibinden.com/ilan/vasita-otomobil-honda-cok-temiz-otomatik-vites-accord-853990587/detay;1990;312000;Gümüş Gri;38000;TL;2020-09-25;Çanakkale;Merkez;Honda;Accord
385;2006 HONDA ACCORD 2.0 EXECUTİVE OTOMATİK kazasız değişensiz son;https://www.sahibinden.com/ilan/vasita-otomobil-honda-2006-honda-accord-2.0-executive-otomatik-kazasiz-degisensiz-son-851826804/detay;2006;445000;Siyah;78000;TL;2020-09-26;İzmir;Çiğli;Honda;Accord
386;ACİL SATILIK AMERİKAN KASA ACCORD 2.0 EX;https://www.sahibinden.com/ilan/vasita-otomobil-honda-acil-satilik-amerikan-kasa-accord-2.0-ex-864049489/detay;1999;305000;Kırmızı;55250;TL;2020-09-22;Düzce;Merkez;Honda;Accord
387;DEĞİŞENSİZ SERVİS BAKIMLI;https://www.sahibinden.com/ilan/vasita-otomobil-honda-degisensiz-servis-bakimli-857971630/detay;2005;272100;Siyah;111500;TL;2020-09-05;Samsun;İlkadım;Honda;Accord
388;DEĞİŞEN YOK SAHiBİNDEN ORJİNAL;https://www.sahibinden.com/ilan/vasita-otomobil-honda-degisen-yok-sahibinden-orjinal-719535312/detay;2006;267000;Yeşil;134500;TL;2020-09-04;İstanbul;Ataşehir;Honda;Accord
389;Sahibinden değişensiz;https://www.sahibinden.com/ilan/vasita-otomobil-honda-sahibinden-degisensiz-817271467/detay;2004;225000;Lacivert;124000;TL;2020-08-29;Kırıkkale;Merkez;Honda;Accord
390;Sağlık Memurundan Honda Accord;https://www.sahibinden.com/ilan/vasita-otomobil-honda-saglik-memurundan-honda-accord-744760363/detay;2009;198000;Siyah;155000;TL;2020-01-14;Aksaray;Merkez;Honda;Accord
