caption;link;year;km;color;price;price_unit;date;city;district
1;AUTO CESUR'DAN 2017 CHEVROLET CAMARO 2.0 CABRIO 'HEAD UP';https://www.sahibinden.com/ilan/vasita-otomobil-chevrolet-auto-cesur-dan-2017-chevrolet-camaro-2.0-cabrio-head-up-856031497/detay;2017;39755;Gri;925000;TL;2020-10-28;Balıkesir;Karesi
2;2017 CHEVROLET CAMARO FIFTY CABRIO 2.0 HATASIZ+BOYASIZ 31.000 KM;https://www.sahibinden.com/ilan/vasita-otomobil-chevrolet-2017-chevrolet-camaro-fifty-cabrio-2.0-hatasiz-plusboyasiz-31.000-km-874107675/detay;2017;31000;Beyaz;1030000;TL;2020-10-26;Adana;Çukurova
3;AL-FA MOTORS'TAN 46,000 KM DE ZL-1 MAKYAJLI BAKIMLARI TAM CAMARO;https://www.sahibinden.com/ilan/vasita-otomobil-chevrolet-al-fa-motors-tan-46%2C000-km-de-zl-1-makyajli-bakimlari-tam-camaro-855974301/detay;2011;46000;Siyah;539000;TL;2020-10-30;İstanbul;Esenyurt
4;SS MOTORS 2017 CAMARO CONV. 50TH YEARS-ZL 1-BOSE-SPOR EGZ.-SOĞT.;https://www.sahibinden.com/ilan/vasita-otomobil-chevrolet-ss-motors-2017-camaro-conv-50th-years-zl-1-bose-spor-egz-sogt-867348981/detay;2017;20115;Sarı;1425000;TL;2020-10-31;İstanbul;Şişli
5;AUTO SERKAN 2010 CAMARO VERGİ BRŞI İSKNDR EKSOZ TRAMERSZ HATASIZ;https://www.sahibinden.com/ilan/vasita-otomobil-chevrolet-auto-serkan-2010-camaro-vergi-brsi-iskndr-eksoz-tramersz-hatasiz-782311587/detay;2010;140000;Beyaz;485000;TL;2020-10-30;İstanbul;Bahçelievler
6;Camaro 2.0 şu şekilde satıyoruz.Kaskosu vardır;https://www.sahibinden.com/ilan/vasita-otomobil-chevrolet-camaro-2.0-su-sekilde-satiyoruz.kaskosu-vardir-875085414/detay;2017;63000;Siyah;770000;TL;2020-10-31;Kocaeli;Gebze
7;MLS MOTORS GÜVENCESİ İLE EMSALSİZ HATASIZ OTOMATİK CAMARO SS;https://www.sahibinden.com/ilan/vasita-otomobil-chevrolet-mls-motors-guvencesi-ile-emsalsiz-hatasiz-otomatik-camaro-ss-729225291/detay;2012;97000;Sarı;975000;TL;2020-10-29;Ankara;Akyurt
8;GİRAY MOTORS'DAN HATASIZ KAZASIZ BOYASIZ DÜŞÜK KM;https://www.sahibinden.com/ilan/vasita-otomobil-chevrolet-giray-motors-dan-hatasiz-kazasiz-boyasiz-dusuk-km-874939268/detay;2017;20000;Mavi;940000;TL;2020-10-30;İstanbul;Kağıthane
9;Hatasız 2018 model kırmızıı camaro;https://www.sahibinden.com/ilan/vasita-otomobil-chevrolet-hatasiz-2018-model-kirmizii-camaro-874920014/detay;2018;127000;Kırmızı;835000;TL;2020-10-30;İstanbul;Beylikdüzü
10;2012 CAMARO SS 6.2 V8 HATASIZ BOYASIZ MAKYAJLI KASA;https://www.sahibinden.com/ilan/vasita-otomobil-chevrolet-2012-camaro-ss-6.2-v8-hatasiz-boyasiz-makyajli-kasa-874388512/detay;2012;58000;Kırmızı;9e+05;TL;2020-10-27;İzmir;Menemen
11;Alya otomotivden emsalsiz araç;https://www.sahibinden.com/ilan/vasita-otomobil-chevrolet-alya-otomotivden-emsalsiz-arac-874374777/detay;2011;120000;Siyah;575000;TL;2020-10-27;İstanbul;Bağcılar
12;HATASIZ 2018 ÇIKIŞLI 50.YIL TABA WİFİ BOSE ISITMA SOĞUTMA DOLU;https://www.sahibinden.com/ilan/vasita-otomobil-chevrolet-hatasiz-2018-cikisli-50.yil-taba-wifi-bose-isitma-sogutma-dolu-874808679/detay;2017;43000;Mavi;880000;TL;2020-10-29;Niğde;Merkez
13;GKN MOTORS CHEVROLET CAMARO 2.0 SOĞUTMA WİFİ SOĞUTMA;https://www.sahibinden.com/ilan/vasita-otomobil-chevrolet-gkn-motors-chevrolet-camaro-2.0-sogutma-wifi-sogutma-568924431/detay;2018;32000;Kırmızı;9e+05;TL;2020-10-27;İstanbul;Bakırköy
14;FERHAT MOTORS 2018 ÇIKIŞ'LI CAMARO 2.0 CABRİO MAVİ BOYASIZ SOĞUT;https://www.sahibinden.com/ilan/vasita-otomobil-chevrolet-ferhat-motors-2018-cikis-li-camaro-2.0-cabrio-mavi-boyasiz-sogut-865610450/detay;2016;30850;Mavi;999000;TL;2020-10-26;Antalya;Aksu
15;'YAMAN''-CAMARO-­RS+HEDUP+BOSE+SO­GUTMA+ISITMA+CA­RPLAY+KIRMIZIDRİ;https://www.sahibinden.com/ilan/vasita-otomobil-chevrolet-yaman-camaro-rs-plushedup-plusbose-plussogutma-plusisitma-pluscarplay-pluskirmizidri-874152644/detay;2016;82500;Beyaz;769000;TL;2020-10-26;İstanbul;Büyükçekmece
16;2017 CAMARO 2.0 RS FIFTY+TRANSFORMERS PKT CABRIO HATASIZ;https://www.sahibinden.com/ilan/vasita-otomobil-chevrolet-2017-camaro-2.0-rs-fifty-plustransformers-pkt-cabrio-hatasiz-824987506/detay;2017;45000;Füme;1095000;TL;2020-10-26;İstanbul;Kadıköy
17;TECH MOTORS'DAN 2017 CAMARO CABRİO FİFTY + ZL 1 PAKET TAM DOLU;https://www.sahibinden.com/ilan/vasita-otomobil-chevrolet-tech-motors-dan-2017-camaro-cabrio-fifty-plus-zl-1-paket-tam-dolu-865217026/detay;2017;32000;Siyah;780000;TL;2020-10-25;İstanbul;Bağcılar
18;2010 CAMARO SS TRANSFORMERS ÖZEL ÜRETİM HATASIZ BOYASIZ EKSTRALI;https://www.sahibinden.com/ilan/vasita-otomobil-chevrolet-2010-camaro-ss-transformers-ozel-uretim-hatasiz-boyasiz-ekstrali-853746387/detay;2010;95000;Sarı;695000;TL;2020-10-25;Samsun;Atakum
19;KRM MOTOR'S SARI CAMARO FİFTY PAKET;https://www.sahibinden.com/ilan/vasita-otomobil-chevrolet-krm-motor-s-sari-camaro-fifty-paket-864897238/detay;2017;39710;Sarı;875000;TL;2020-10-24;İstanbul;Avcılar
20;CARS IN MARINA CHEVROLET CAMARO 2.0 FULL 50.YIL ÖZEL SERİ;https://www.sahibinden.com/ilan/vasita-otomobil-chevrolet-cars-in-marina-chevrolet-camaro-2.0-full-50.yil-ozel-seri-853978010/detay;2017;29000;Siyah;830000;TL;2020-10-26;İstanbul;Sarıyer
21;CARPRIME 2016 CHEVROLET CAMARO 2.0 RS HATASIZ;https://www.sahibinden.com/ilan/vasita-otomobil-chevrolet-carprime-2016-chevrolet-camaro-2.0-rs-hatasiz-873623271/detay;2016;77000;Siyah;815000;TL;2020-10-24;İstanbul;Esenyurt
22;ASLANLI`DAN 2012 CHEVROLET CAMARO HEADUP 3.6 RS TAM DOLU TR TEK;https://www.sahibinden.com/ilan/vasita-otomobil-chevrolet-aslanli-dan-2012-chevrolet-camaro-headup-3.6-rs-tam-dolu-tr-tek-853193263/detay;2012;81000;Lacivert;519000;TL;2020-10-23;Ankara;Çankaya
23;EYMEN MOTORS 2016 CAMARO CABRİO SOĞUTMA,HEAD UP,BOSE;https://www.sahibinden.com/ilan/vasita-otomobil-chevrolet-eymen-motors-2016-camaro-cabrio-sogutma%2Chead-up%2Cbose-873486323/detay;2016;65000;Siyah;799000;TL;2020-10-23;İstanbul;Bağcılar
24;VERGİ BARIŞLI+CAB­RİO+SADECE AMA SADECE 20000 KM,DE+BOYASIZ+FULL;https://www.sahibinden.com/ilan/vasita-otomobil-chevrolet-vergi-barisli-pluscabrio-plussadece-ama-sadece-20000-km%2Cde-plusboyasiz-plusfull-821011630/detay;2011;20000;Siyah;710000;TL;2020-10-23;Muğla;Bodrum
25;KRCN MOTORSDAN 2018 CAMARO HATASIZ&BOYASIZ TAM ÖTV FULL+FULL;https://www.sahibinden.com/ilan/vasita-otomobil-chevrolet-krcn-motorsdan-2018-camaro-hatasiz-boyasiz-tam-otv-full-plusfull-873389633/detay;2018;31850;Sarı;1140000;TL;2020-10-23;Antalya;Alanya
26;CAMARO CABRİO RS PAKET KIRMIZI İÇİ TABA SIFIR BARIŞ'TAN;https://www.sahibinden.com/ilan/vasita-otomobil-chevrolet-camaro-cabrio-rs-paket-kirmizi-ici-taba-sifir-baris-tan-583520415/detay;2017;4500;Kırmızı;1250000;TL;2020-10-22;İstanbul;Kadıköy
27;ERLER OTO 2.EL 2018 CAMARO CABRİO 1800km HATASIZ;https://www.sahibinden.com/ilan/vasita-otomobil-chevrolet-erler-oto-2.el-2018-camaro-cabrio-1800km-hatasiz-760752872/detay;2018;1800;Kırmızı;1475000;TL;2020-10-22;İstanbul;Eyüpsultan
28;W MOTORS CHEVROLET CAMARO 2.0;https://www.sahibinden.com/ilan/vasita-otomobil-chevrolet-w-motors-chevrolet-camaro-2.0-873597160/detay;2017;20000;Füme;890000;TL;2020-10-23;İstanbul;Üsküdar
29;TÜRKİYEDE TeK CAMARO Z28 CABRIO ORJINAL BEYAZ LACİVERT;https://www.sahibinden.com/ilan/vasita-otomobil-chevrolet-turkiyede-tek-camaro-z28-cabrio-orjinal-beyaz-lacivert-844463118/detay;1995;88000;Beyaz;365000;TL;2020-10-23;İstanbul;Kadıköy
30;İLK SAHİBİYİM AMERİKADAN ÖZEL ÜRETİM;https://www.sahibinden.com/ilan/vasita-otomobil-chevrolet-ilk-sahibiyim-amerikadan-ozel-uretim-873488878/detay;2017;47000;Siyah;835000;TL;2020-10-23;Mersin;Mezitli
31;-LİON OTOMOTİV-CHEVR­OLET-CAMARO-Z­28-COUPE-DERİ-;https://www.sahibinden.com/ilan/vasita-otomobil-chevrolet-lion-otomotiv-chevrolet-camaro-z28-coupe-deri-863655100/detay;1997;109000;Beyaz;148000;TL;2020-10-21;İstanbul;Tuzla
32;Chevrolet Camaro 2016 Rs - Hatasız;https://www.sahibinden.com/ilan/vasita-otomobil-chevrolet-chevrolet-camaro-2016-rs-hatasiz-797533164/detay;2016;45000;Siyah;7e+05;TL;2020-10-20;Ankara;Çankaya
33;BROTHERS`DAN CAMARO SS 6.2 OTOMATİK;https://www.sahibinden.com/ilan/vasita-otomobil-chevrolet-brothers-dan-camaro-ss-6.2-otomatik-843383921/detay;2012;64000;Kırmızı;819900;TL;2020-10-20;İstanbul;Kadıköy
34;SAHİBİNDEN CAMARO SS 6.2 V8 TEKKAR BAYİ ÇIKIŞLI MAKYAJLI KASA;https://www.sahibinden.com/ilan/vasita-otomobil-chevrolet-sahibinden-camaro-ss-6.2-v8-tekkar-bayi-cikisli-makyajli-kasa-864135123/detay;2012;59000;Kırmızı;880000;TL;2020-10-22;Bartın;Merkez
35;2016 CAMARO 2.0_HEADUP_SOGU­TMA_HAFIZA_BOSE_­ISITMA_STRTSTOP;https://www.sahibinden.com/ilan/vasita-otomobil-chevrolet-2016-camaro-2.0_headup_sogutma_hafiza_bose_isitma_strtstop-834572484/detay;2016;102000;Siyah;795500;TL;2020-10-21;İstanbul;Kadıköy
36;AUTO 52'DEN 2010 CAMARO RS 3.6 134.000 KM DE SUNROOF-SPOR EGSOZ;https://www.sahibinden.com/ilan/vasita-otomobil-chevrolet-auto-52-den-2010-camaro-rs-3.6-134.000-km-de-sunroof-spor-egsoz-872700833/detay;2010;134000;Yeşil;515000;TL;2020-10-20;Ordu;Fatsa
37;S-CAR dan 1997 CAMARO Z28 CABRIO 30. YIL ÖZEL SERİ FULL + FULL;https://www.sahibinden.com/ilan/vasita-otomobil-chevrolet-s-car-dan-1997-camaro-z28-cabrio-30-yil-ozel-seri-full-plus-full-872612909/detay;1997;90000;Gri;207000;TL;2020-10-20;Bursa;Nilüfer
38;Callaway C8 SuperNaturel 6 ileri manuel sanziman;https://www.sahibinden.com/ilan/vasita-otomobil-chevrolet-callaway-c8-supernaturel-6-ileri-manuel-sanziman-872456738/detay;1996;94000;Mavi;275000;TL;2020-10-19;İstanbul;Pendik
39;BAŞLIKAYADAN CAMARO+ISITMA­+SOĞUTMA+BOSE;https://www.sahibinden.com/ilan/vasita-otomobil-chevrolet-baslikayadan-camaro-plusisitma-plussogutma-plusbose-868937539/detay;2016;46750;Beyaz;1030000;TL;2020-10-19;Aydın;İncirliova
40;Sahibinden Tr de Tek Cabrio SS Otomatik Camaro Cabrio 6.2;https://www.sahibinden.com/ilan/vasita-otomobil-chevrolet-sahibinden-tr-de-tek-cabrio-ss-otomatik-camaro-cabrio-6.2-792980185/detay;2012;56000;Turuncu;695000;TL;2020-10-19;Aksaray;Merkez
41;SS MOTORS 2016 CAMARO 6.2 SS-HEAD UP-SOĞUTMA-­BOSE-CORSA EXHAUST;https://www.sahibinden.com/ilan/vasita-otomobil-chevrolet-ss-motors-2016-camaro-6.2-ss-head-up-sogutma-bose-corsa-exhaust-872240586/detay;2016;25056;Kırmızı;1799000;TL;2020-10-19;İstanbul;Şişli
42;ANL MOTORS 2016 CAMARO ISITMA SOĞUTMA BOSE F1 TAM DOLU FULL;https://www.sahibinden.com/ilan/vasita-otomobil-chevrolet-anl-motors-2016-camaro-isitma-sogutma-bose-f1-tam-dolu-full-862308793/detay;2016;80000;Bordo;749000;TL;2020-10-17;İstanbul;Bakırköy
43;Camaro z28 Cabrio;https://www.sahibinden.com/ilan/vasita-otomobil-chevrolet-camaro-z28-cabrio-815518613/detay;1996;73000;Beyaz;205000;TL;2020-10-17;İzmir;Buca
44;"ERN MOTORS"CHEVROLET CAMARO 2.0 F1+BOSSE+G.GÖR+­SUNROOF+BIXENON;https://www.sahibinden.com/ilan/vasita-otomobil-chevrolet-ern-motors-chevrolet-camaro-2.0-f1-plusbosse-plusg.gor-plussunroof-plusbixenon-871908547/detay;2016;87000;Füme;745000;TL;2020-10-17;İstanbul;Esenyurt
45;vitrin53 CHEVROLET CAMARO 2.0 FİFTY+RS TAM DOLU BOYASIZ;https://www.sahibinden.com/ilan/vasita-otomobil-chevrolet-vitrin53-chevrolet-camaro-2.0-fifty-plusrs-tam-dolu-boyasiz-871888168/detay;2017;40000;Siyah;1065000;TL;2020-10-17;İstanbul;Bağcılar
46;2014 MODEL SAHİBİNDEN TR DE TEK CABRİO;https://www.sahibinden.com/ilan/vasita-otomobil-chevrolet-2014-model-sahibinden-tr-de-tek-cabrio-872156136/detay;2014;73000;Beyaz;630000;TL;2020-10-19;İstanbul;Sarıyer
47;2017 Chevrolet Camaro 2.0 Otomatik-50.YIL ÖZEL SERİ-FİFTY-ZL1-;https://www.sahibinden.com/ilan/vasita-otomobil-chevrolet-2017-chevrolet-camaro-2.0-otomatik-50.yil-ozel-seri-fifty-zl1-871883857/detay;2017;25000;Sarı;895000;TL;2020-10-17;Gaziantep;Şehitkamil
48;ARS MOTORS'TAN CAMARO,SUNROOF,­FİFTY,BOSE,SPOR EGZOS,TRAMERSİZ;https://www.sahibinden.com/ilan/vasita-otomobil-chevrolet-ars-motors-tan-camaro%2Csunroof%2Cfifty%2Cbose%2Cspor-egzos%2Ctramersiz-861875532/detay;2016;56000;Siyah;845000;TL;2020-10-16;Bursa;Nilüfer
49;Sahibinden Hatasız Tramersiz Camaro;https://www.sahibinden.com/ilan/vasita-otomobil-chevrolet-sahibinden-hatasiz-tramersiz-camaro-871168866/detay;2013;76500;Sarı;7e+05;TL;2020-10-16;Denizli;Pamukkale
50;45.YIL HATASIZ EXTRASI BOL OTOMATİK;https://www.sahibinden.com/ilan/vasita-otomobil-chevrolet-45.yil-hatasiz-extrasi-bol-otomatik-856409684/detay;2012;41000;Siyah;710000;TL;2020-10-16;İstanbul;Ataşehir
51;45.YILA ÖZEL FULL ORJINAL RS PAKET;https://www.sahibinden.com/ilan/vasita-otomobil-chevrolet-45.yila-ozel-full-orjinal-rs-paket-871582349/detay;2012;63000;Füme;725000;TL;2020-10-16;Adana;Seyhan
52;2018 HATASIZ+BOYASIZ­+18.000KM+HEAD UP+TABA+ISITMA­+SOĞUTMA+BOSE;https://www.sahibinden.com/ilan/vasita-otomobil-chevrolet-2018-hatasiz-plusboyasiz-plus18.000km-plushead-up-plustaba-plusisitma-plussogutma-plusbose-871424660/detay;2018;18000;Mavi;1020000;TL;2020-10-15;Diyarbakır;Yenişehir
53;ERKUT AUTO DAN - CHEVROLET CAMARO 3.6 FULL EKSTRALI RS BODY KIT;https://www.sahibinden.com/ilan/vasita-otomobil-chevrolet-erkut-auto-dan-chevrolet-camaro-3.6-full-ekstrali-rs-body-kit-871187641/detay;2011;111000;Kırmızı;570000;TL;2020-10-14;İstanbul;Bağcılar
54;CONCEPT DEN 2017 CHEVROLET CAMARO 2.0 FİFTY (50. YIL SERİ);https://www.sahibinden.com/ilan/vasita-otomobil-chevrolet-concept-den-2017-chevrolet-camaro-2.0-fifty-50-yil-seri-861151015/detay;2017;38000;Füme;9e+05;TL;2020-10-14;İstanbul;Başakşehir
55;_Z MOTORS_ORJ. CAMARO 3.8 - RS + MANUEL VİTES + T-TOP CAM TAVAN;https://www.sahibinden.com/ilan/vasita-otomobil-chevrolet-z-motors_orj-camaro-3.8-rs-plus-manuel-vites-plus-t-top-cam-tavan-871529490/detay;1996;130000;Siyah;170000;TL;2020-10-16;Konya;Karatay
56;GALLO MOTORS /CHEVROLET/CAMARO /2018/HEAD-UP/BOS­E/SOĞUTMA/HATASIZ;https://www.sahibinden.com/ilan/vasita-otomobil-chevrolet-gallo-motors-chevrolet-camaro-2018-head-up-bose-sogutma-hatasiz-870918184/detay;2018;50000;Beyaz;920000;TL;2020-10-13;İstanbul;Beylikdüzü
57;'96 Chevrolet Camaro 5.7 Z28...Sorunsuz...;https://www.sahibinden.com/ilan/vasita-otomobil-chevrolet-96-chevrolet-camaro-5.7-z28...sorunsuz-861506201/detay;1997;96700;Beyaz;190000;TL;2020-10-15;İstanbul;Kadıköy
58;22 BİN KM 2018 ÇIKIŞLI TAM ÖTV KIRMIZI İÇİ TABA;https://www.sahibinden.com/ilan/vasita-otomobil-chevrolet-22-bin-km-2018-cikisli-tam-otv-kirmizi-ici-taba-870892382/detay;2017;22000;Kırmızı;1100000;TL;2020-10-13;Adana;Seyhan
59;M2C GROUP CAMARO ZL1 FIFTY HEAT-UP ISIT SOĞU BOSE NAVİ HAFIZA;https://www.sahibinden.com/ilan/vasita-otomobil-chevrolet-m2c-group-camaro-zl1-fifty-heat-up-isit-sogu-bose-navi-hafiza-803344109/detay;2016;62000;Kırmızı;1e+06;TL;2020-10-15;Bursa;Osmangazi
60;SAHİBİNDEN 2018 ÇIKIŞLI TAM ÖTV HATASIZ CAMARO İÇİ KIRMIZI;https://www.sahibinden.com/ilan/vasita-otomobil-chevrolet-sahibinden-2018-cikisli-tam-otv-hatasiz-camaro-ici-kirmizi-841298018/detay;2017;29500;Siyah;915000;TL;2020-10-15;İstanbul;Başakşehir
61;Sahibinden HATASIZ 50.000 KM CAMARO;https://www.sahibinden.com/ilan/vasita-otomobil-chevrolet-sahibinden-hatasiz-50.000-km-camaro-860553766/detay;2017;50000;Kırmızı;910000;TL;2020-10-12;Antalya;Gazipaşa
62;CARS IN MARINA CAMARO 3.6 FULL EKSTRALI ZL1 EMSALSİZ TEK;https://www.sahibinden.com/ilan/vasita-otomobil-chevrolet-cars-in-marina-camaro-3.6-full-ekstrali-zl1-emsalsiz-tek-861540838/detay;2011;91000;Kırmızı;595000;TL;2020-10-15;İstanbul;Sarıyer
63;VOLANTE'DEN 2017 CHEVROLET CAMARO 2.0 FİFTY;https://www.sahibinden.com/ilan/vasita-otomobil-chevrolet-volante-den-2017-chevrolet-camaro-2.0-fifty-860477823/detay;2017;23000;Mavi;869000;TL;2020-10-12;İstanbul;Beylikdüzü
64;Chevrolet Türkiye ithalat Camaro V8 Otomatik;https://www.sahibinden.com/ilan/vasita-otomobil-chevrolet-chevrolet-turkiye-ithalat-camaro-v8-otomatik-871080773/detay;2012;7500;Beyaz;925000;TL;2020-10-14;İzmir;Balçova
65;TR DE TEK MAVİ İÇİ TABA HATASIZ BOYASIZ EMSALSİZ TEMİZLİKTEDİR;https://www.sahibinden.com/ilan/vasita-otomobil-chevrolet-tr-de-tek-mavi-ici-taba-hatasiz-boyasiz-emsalsiz-temizliktedir-860488515/detay;2017;17500;Mavi;1350000;TL;2020-10-14;Ankara;Çankaya
66;RST PLAZA'DAN 2018 CHEVROLET CAMARO 2.0 BOSE+SOĞTM+H­EADUP+CARPLY;https://www.sahibinden.com/ilan/vasita-otomobil-chevrolet-rst-plaza-dan-2018-chevrolet-camaro-2.0-bose-plussogtm-plusheadup-pluscarply-861064820/detay;2018;53250;Beyaz;885000;TL;2020-10-14;Gaziantep;Şehitkamil
67;VİP OTO'DAN 2016 CAMARO FIFTY PAKET+HEAD UP+SOĞUTMA+BOSE;https://www.sahibinden.com/ilan/vasita-otomobil-chevrolet-vip-oto-dan-2016-camaro-fifty-paket-plushead-up-plussogutma-plusbose-859799411/detay;2016;47000;Kırmızı;720000;TL;2020-10-10;Ankara;Akyurt
68;HATASIZ+BOYASIZ+2­1.500KM+HEAD-UP+IS­ITMA+SOĞUTMA+BOSE;https://www.sahibinden.com/ilan/vasita-otomobil-chevrolet-hatasiz-plusboyasiz-plus21.500km-plushead-up-plusisitma-plussogutma-plusbose-869975212/detay;2018;21400;Mavi;915000;TL;2020-10-10;İstanbul;Tuzla
69;ASLAN'DAN 2017 CAMARO 2.0 50TH YEAR BOSE-IST-SGTMA-HEAD UP 39KM;https://www.sahibinden.com/ilan/vasita-otomobil-chevrolet-aslan-dan-2017-camaro-2.0-50th-year-bose-ist-sgtma-head-up-39km-870045724/detay;2017;39000;Siyah;929000;TL;2020-10-10;Ankara;Yenimahalle
70;GALA MOTORS 2018 CHEVROLET CAMARO 2.0 LT ZL1 BODYKİT HATASIZ;https://www.sahibinden.com/ilan/vasita-otomobil-chevrolet-gala-motors-2018-chevrolet-camaro-2.0-lt-zl1-bodykit-hatasiz-859480635/detay;2018;43000;Siyah;1025000;TL;2020-10-10;İstanbul;Bağcılar
71;** Orijinal // Hatasız ** 2017 Camaro Cabrio 2.0 // 15.500 km;https://www.sahibinden.com/ilan/vasita-otomobil-chevrolet-orijinal-hatasiz-2017-camaro-cabrio-2.0-15.500-km-848162443/detay;2017;18450;Füme;970000;TL;2020-10-09;İstanbul;Esenyurt
72;AUTO AYAR 2017 CAMARO 2.0LT FIFTY SUNROOF HEAD UP TAMÖTV BOYASIZ;https://www.sahibinden.com/ilan/vasita-otomobil-chevrolet-auto-ayar-2017-camaro-2.0lt-fifty-sunroof-head-up-tamotv-boyasiz-848941888/detay;2017;64000;Siyah;845000;TL;2020-10-09;İstanbul;Esenler
73;CAMARO Z 28 LT 1 MOTOR 30.YIL ÖZEL SERİ 1997 MODEL 5700 CC;https://www.sahibinden.com/ilan/vasita-otomobil-chevrolet-camaro-z-28-lt-1-motor-30.yil-ozel-seri-1997-model-5700-cc-870068439/detay;1997;161000;Siyah;163500;TL;2020-10-10;Antalya;Muratpaşa
74;CHEVROLET CAMARO 3.6 RS ÖZEL RENK TURUNCU TR'DE TEK;https://www.sahibinden.com/ilan/vasita-otomobil-chevrolet-chevrolet-camaro-3.6-rs-ozel-renk-turuncu-tr-de-tek-859786287/detay;2010;113000;Turuncu;514500;TL;2020-10-10;İstanbul;Sultangazi
75;Camaro Z28 temiz, diri ve bakımlı.. 1996 model;https://www.sahibinden.com/ilan/vasita-otomobil-chevrolet-camaro-z28-temiz-diri-ve-bakimli-1996-model-848192221/detay;1996;167000;Siyah;150150;TL;2020-10-08;İstanbul;Beylikdüzü
76;SAHİBİNDEN ÇOK TEMİZ 2014 MODEL SS;https://www.sahibinden.com/ilan/vasita-otomobil-chevrolet-sahibinden-cok-temiz-2014-model-ss-860430261/detay;2014;72000;Sarı;560000;TL;2020-10-12;İzmir;Çeşme
77;"OTOROLL" 2013 CAMARO 6.2 SS ORJİNAL ZL1 PAKET;https://www.sahibinden.com/ilan/vasita-otomobil-chevrolet-otoroll-2013-camaro-6.2-ss-orjinal-zl1-paket-858663619/detay;2013;50000;Kırmızı;730000;TL;2020-10-07;İstanbul;Bakırköy
78;// MİNA MOTORS'DAN CAMARO 2.0 ZL1 GİYDİRME HATASIZ 50.000 KM //;https://www.sahibinden.com/ilan/vasita-otomobil-chevrolet-mina-motors-dan-camaro-2.0-zl1-giydirme-hatasiz-50.000-km-869203983/detay;2016;50000;Mavi;1050000;TL;2020-10-07;İzmir;Gaziemir
79;AUTO CEM YAVUZ DAN CAMARO 2.0 50.000 DE;https://www.sahibinden.com/ilan/vasita-otomobil-chevrolet-auto-cem-yavuz-dan-camaro-2.0-50.000-de-869797432/detay;2016;50000;Beyaz;1050000;TL;2020-10-09;Aydın;Efeler
80;2018 CAMARO ZL1 GÖRÜNÜM HATASIZ TR'TEK ÖZEL SİPARİŞ TAM DOLU;https://www.sahibinden.com/ilan/vasita-otomobil-chevrolet-2018-camaro-zl1-gorunum-hatasiz-tr-tek-ozel-siparis-tam-dolu-830819088/detay;2018;40000;Sarı;935000;TL;2020-10-07;İstanbul;Avcılar
81;2013 CAMARO - 81000 KM'DE;https://www.sahibinden.com/ilan/vasita-otomobil-chevrolet-2013-camaro-81000-km-de-869118275/detay;2013;81000;Kırmızı;635000;TL;2020-10-07;Mersin;Akdeniz
82;Gökşenler Çıkışlı Komple ZL1 Paket;https://www.sahibinden.com/ilan/vasita-otomobil-chevrolet-goksenler-cikisli-komple-zl1-paket-869083887/detay;2010;126800;Beyaz;515000;TL;2020-10-07;Kayseri;Melikgazi
83;DUMLU MOTORS 2017 CAMARO 2.0 CABRİO 275 İÇİ KIRMIZI HATASIZ;https://www.sahibinden.com/ilan/vasita-otomobil-chevrolet-dumlu-motors-2017-camaro-2.0-cabrio-275-ici-kirmizi-hatasiz-858671275/detay;2017;41000;Beyaz;975000;TL;2020-10-07;İstanbul;Bağcılar
84;2017 50 TH YEARS FİFTY ISITMA SOĞUTMA HEAD UP BOSE;https://www.sahibinden.com/ilan/vasita-otomobil-chevrolet-2017-50-th-years-fifty-isitma-sogutma-head-up-bose-868878547/detay;2017;82000;Kırmızı;859000;TL;2020-10-06;Antalya;Alanya
85;CHEVROLET CAMARO 5.7CC Z28 KAZASIZ KOLEKSİYON ARACI;https://www.sahibinden.com/ilan/vasita-otomobil-chevrolet-chevrolet-camaro-5.7cc-z28-kazasiz-koleksiyon-araci-640210897/detay;1997;143000;Yeşil;165000;TL;2020-10-05;İstanbul;Başakşehir
86;123 GARAJ'DAN 2019 ÇIKIŞLI CAMARO FULL MODEL EXTRALI;https://www.sahibinden.com/ilan/vasita-otomobil-chevrolet-123-garaj-dan-2019-cikisli-camaro-full-model-extrali-837288388/detay;2018;16000;Siyah;1e+06;TL;2020-10-05;Ankara;Çankaya
87;BAYI ÇIKIŞLI 45.YIL ÖZEL SERİ RS ÖZEL PLAKA 34 GS 5034;https://www.sahibinden.com/ilan/vasita-otomobil-chevrolet-bayi-cikisli-45.yil-ozel-seri-rs-ozel-plaka-34-gs-5034-846485817/detay;2012;83000;Sarı;610000;TL;2020-10-04;İstanbul;Tuzla
88;CHEVROLET CAMARO SS 45TH ANNİVERSARY SPECİAL EDİTİON;https://www.sahibinden.com/ilan/vasita-otomobil-chevrolet-chevrolet-camaro-ss-45th-anniversary-special-edition-868199632/detay;2012;66500;Siyah;765000;TL;2020-10-04;Ankara;Çankaya
89;GÜNLÜK OLARAK KULLANILAN DİRİ VE TEMİZ CAMARO;https://www.sahibinden.com/ilan/vasita-otomobil-chevrolet-gunluk-olarak-kullanilan-diri-ve-temiz-camaro-752992257/detay;1994;111340;Kırmızı;155000;TL;2020-10-03;İstanbul;Eyüpsultan
90;Camaro Rs Otomatik Cabrio Full+Full TR de Tek! İskender eksoz!!!;https://www.sahibinden.com/ilan/vasita-otomobil-chevrolet-camaro-rs-otomatik-cabrio-full-plusfull-tr-de-tek-iskender-eksoz-868546124/detay;2012;119000;Beyaz;677450;TL;2020-10-05;Antalya;Muratpaşa
91;TWİN TURBO 1000+ TÜRKİYEDE TEK;https://www.sahibinden.com/ilan/vasita-otomobil-chevrolet-twin-turbo-1000-plus-turkiyede-tek-855878300/detay;1997;4000;Siyah;550000;TL;2020-10-03;İstanbul;Avcılar
92;AB MOTOR'S 2011 CAMARO CABRİO RS PAKET 3.6 400HP VERGİ BARIŞLI..;https://www.sahibinden.com/ilan/vasita-otomobil-chevrolet-ab-motor-s-2011-camaro-cabrio-rs-paket-3.6-400hp-vergi-barisli-857105924/detay;2011;90000;Kırmızı;620000;TL;2020-10-03;İstanbul;Kadıköy
93;camaro V6 400 HP;https://www.sahibinden.com/ilan/vasita-otomobil-chevrolet-camaro-v6-400-hp-825687914/detay;2013;117000;Siyah;1e+06;TL;2020-10-02;Antalya;Alanya
94;1996 TERTEMİZ PIRIL PIRIL;https://www.sahibinden.com/ilan/vasita-otomobil-chevrolet-1996-tertemiz-piril-piril-836676845/detay;1996;94794;Siyah;125000;TL;2020-10-02;Aydın;Söke
95;Hatasız camaro cabrio SAHİBİNDEN;https://www.sahibinden.com/ilan/vasita-otomobil-chevrolet-hatasiz-camaro-cabrio-sahibinden-856496008/detay;2011;112000;Sarı;610000;TL;2020-10-03;Gaziantep;Şehitkamil
96;TEMİZ BAKIMLI 3,6 V6 113,000 KM;https://www.sahibinden.com/ilan/vasita-otomobil-chevrolet-temiz-bakimli-3%2C6-v6-113%2C000-km-867651567/detay;2010;113000;Siyah;515000;TL;2020-10-02;İstanbul;Başakşehir
97;CARS IN MARINA 2017 CHEVROLET CAMARO 2.0 ZL1 BODY KIT BAKIMLI;https://www.sahibinden.com/ilan/vasita-otomobil-chevrolet-cars-in-marina-2017-chevrolet-camaro-2.0-zl1-body-kit-bakimli-867717985/detay;2017;54000;Siyah;1080000;TL;2020-10-02;İstanbul;Sarıyer
98;HATASIZ OTOMATİK DİREKSİZ T-TOP V8 350 cui LT 1 Z28 MOTOR;https://www.sahibinden.com/ilan/vasita-otomobil-chevrolet-hatasiz-otomatik-direksiz-t-top-v8-350-cui-lt-1-z28-motor-749645367/detay;1994;91000;Kırmızı;172950;TL;2020-09-28;Kütahya;Merkez
99;2018 Camaro 2.0 Cabrio Head Up Vergi Barışlı;https://www.sahibinden.com/ilan/vasita-otomobil-chevrolet-2018-camaro-2.0-cabrio-head-up-vergi-barisli-838258784/detay;2018;60000;Siyah;1239000;TL;2020-10-02;İstanbul;Bağcılar
100;CAMARO FİFTY ...;https://www.sahibinden.com/ilan/vasita-otomobil-chevrolet-camaro-fifty-590397398/detay;2017;14000;Gri;1710000;TL;2020-09-27;İzmir;Bornova
101;2016 HATASIZ FIFTY PAKET 2.0 CAMARO;https://www.sahibinden.com/ilan/vasita-otomobil-chevrolet-2016-hatasiz-fifty-paket-2.0-camaro-790245473/detay;2016;32500;Mavi;1e+06;TL;2020-05-06;Karabük;Merkez
